ああ	null	4
あざ笑う	null	1
あっ	null	4
あっさり	null	1
あの	null	5
あべこべ	null	1
あやふや	null	1
あら	null	1
あんな	null	4
あんなに	null	3
いい加減	19	1
いい加減にしろ	21	0
いざ	null	1
いっそ	null	1
いつの間にか	null	2
いつ頃	45	0
いらっしゃい	null	3
いらっしゃる	null	4
うっかり	null	2
うろうろ	null	2
うん	null	4
うんざり	null	1
うんと	null	2
ええ	null	5
えっと	null	2
おい	null	1
おっかない	null	1
お世辞	null	1
お互い	null	3
お代わり	null	2
お休み	null	2
お使い	null	1
お供	null	1
お兄さん	7	5
お先に	null	2
お八つ	null	2
お出かけ	null	2
お出でになる	null	4
お前	8	3
お参り	null	2
お喋り	null	3
お土産	22	4
お大事に	null	2
お姉さん	6	5
お婆ちゃん	49	0
お嬢さん	47	4
お宅	null	4
お守り	18	0
お客さん	9	0
お宮	null	1
お尻	20	0
お巡りさん	null	5
お帰り	null	2
お弁当	null	5
お待たせしました	null	2
お待ちどおさま	null	2
お手伝いさん	null	2
お手洗い	22	5
お掛け下さい	null	2
お握り	46	0
お早う	null	2
お昼	null	3
お構いなく	27	0
お母さん	3	5
お気の毒に	null	2
お洒落	null	2
お父さん	3	5
お産	null	1
お疲れ様	49	0
お皿	null	5
お盆	46	0
お目出度い	null	2
お目出度う	null	3
お知らせ	8	0
お礼	4	4
お祖母さん	47	5
お祖父さん	null	1
お祝い	26	4
お祭り	null	4
お笑い	18	0
お腹	29	5
お茶	6	5
お菓子	26	5
お菜	null	2
お襁褓	null	1
お見舞い	38	4
お誕生日おめでとう	26	0
お負け	null	1
お辞儀	null	2
お邪魔します	null	2
お酒	10	5
お金	5	5
お釣り	null	4
お陰	null	4
お陰で	47	0
お陰様で	null	2
お願い	15	0
お願いします	13	2
お風呂	52	5
かき回す	null	1
かき氷	4	0
かも知れない	null	3
がっかり	null	3
がっくり	null	1
がっしり	null	1
がっちり	null	1
がる	null	1
きちっと	null	1
きちんと	null	3
きっかり	null	1
きっちり	null	1
きっぱり	null	1
きつい	null	3
きまり悪い	null	1
ぎっしり	null	2
くじ引き	null	1
くっきり	null	1
くっ付く	null	2
くっ付ける	null	2
くらい	null	1
ぐっすり	null	3
ぐっと	null	1
けど	null	4
げっそり	null	1
こげ茶	null	1
こちらこそ	null	2
こっそり	null	2
この前	8	0
この辺	7	0
この間	null	4
この頃	45	4
これ等	null	3
こんな	null	5
こんなに	null	3
ご主人	null	4
ご免ください	null	2
ご存じ	null	4
ご無沙汰	59	2
ご苦労様	null	2
ご覧	30	2
ご覧なさい	null	1
ご覧になる	39	4
ご飯	15	5
ご馳走	null	4
ご馳走様	null	2
さあ	null	5
さっぱり	null	3
さん	null	1
ざっと	null	3
しくじる	null	1
しぶとい	null	1
しゃがむ	null	2
しゃぶる	null	2
しょっちゅう	null	1
しーん	null	0
し尿	null	1
じっくり	null	1
じゃあ	null	5
じゃが芋	34	0
じゃん拳	null	2
すっかり	null	4
すっきり	null	2
すっと	null	4
すばしっこい	null	1
すると	null	4
すれ違い	null	1
すれ違う	null	2
すんなり	null	1
ずっと	null	3
ずばり	null	1
ずぶ濡れ	null	1
ずらっと	null	1
ずらり	null	2
ずるずる	null	1
ずれ	null	1
ずれる	null	1
せっせと	null	2
そう	null	4
そう言えば	null	2
そそっかしい	null	2
そっくり	null	3
そっと	null	2
その上	null	2
その他	null	2
その内	null	3
その為	null	2
その頃	null	2
それなのに	null	2
それ故	null	1
それ程	null	4
そろそろ	null	4
そんな	null	4
そんなに	null	4
ぞんざい	null	1
たった	null	3
たっぷり	null	3
たどり着く	null	1
ため息	null	2
だから	null	4
だが	null	3
だけど	null	3
だって	null	3
だぶだぶ	null	1
だらけ	null	1
だらし無い	null	2
ちゃん	null	4
ちゃんと	null	3
ちやほや	null	1
ちょうど良い	11	0
ちょくちょく	null	1
ちらっと	null	1
ちり取り	null	1
つかの間	null	1
つり革	null	1
てっきり	null	1
てんで	null	1
でかい	null	1
ですから	null	3
では	null	5
でも	null	5
と	null	3
とんだ	null	1
とんでも無い	null	3
ど	null	0
どうせ	null	2
どうぞ	null	5
どうぞ宜しく	null	2
どうにか	null	1
どうも	null	5
どうやら	null	1
どっと	null	2
どんどん	null	4
どんな	null	3
どんなに	null	3
ど忘れ	null	1
なる程	30	4
なんか	null	1
にっこり	null	3
にも関わらず	null	1
ねじ回し	null	1
のろのろ	null	2
のんびり	null	3
はあ	null	3
はい	null	5
はきはき	null	2
はっきり	null	4
ばい菌	45	1
ばったり	null	3
ばら撒く	null	1
ひっくり返す	null	2
ひっくり返る	null	2
ひょっと	null	1
びっしょり	null	1
ぴったり	null	3
ふんだん	null	1
ぶかぶか	null	1
ぶつぶつ	null	2
ぶらぶら	null	1
ぶら下げる	null	2
ほっと	null	1
ぼつぼつ	null	1
ぼやく	null	1
ぼやける	null	1
ぼんやり	null	3
まあ	null	3
まあまあ	null	2
まごまご	null	2
めっきり	null	2
もう	null	5
もう一度	null	5
もう直ぐ	null	4
もっと	null	5
やむを得ない	null	2
ややこしい	null	1
やり甲斐	41	0
やり遂げる	null	1
ゆっくり	null	5
ゆで卵	32	0
ゆとり	null	1
よそ見	null	1
より	null	5
よろしくお願いします	40	0
アイスクリーム	null	3
アイデア	null	2
アイロン	null	3
アクセサリー	null	4
アクセル	null	1
アクセント	null	2
アップ	null	1
アナウンサー	null	4
アパート	null	5
アプローチ	null	1
アマチュア	null	1
アメリカ人	3	0
アラブ	null	1
アルコール	null	4
アルバイト	null	4
アルバム	null	3
アルミ	null	1
アワー	null	1
アンケート	null	1
アンコール	null	1
アンテナ	null	2
イエス	null	1
イギリス人	17	0
イコール	null	2
インク	null	3
インタビュー	null	2
インターチェンジ	null	1
インターナショナル	null	1
インターホン	null	1
インテリ	null	1
インフォメーション	null	1
インフレ	null	1
ウイスキー	null	3
ウイルス	null	1
ウェイトレス	null	2
ウーマン	null	2
ウール	null	2
ウーロン茶	57	0
エアメール	null	1
エスカレーター	null	4
エチケット	null	2
エッフェル塔	44	0
エネルギー	null	3
エプロン	null	2
エレガント	null	1
エレベーター	null	5
エンジニア	null	1
エンジン	null	3
オイル	null	2
オドオド	null	1
オフィス	null	3
オリエンテーション	null	1
オルガン	null	2
オレンジ	null	1
オンライン	null	1
オーケストラ	null	2
オートバイ	null	4
オートマチック	null	1
オートメーション	null	2
オーバコート	null	2
オーバー	null	3
オープン	null	1
カクテル	null	1
カセット	null	2
カット	null	1
カップ	null	5
カテゴリー	null	1
カバー	null	2
カムバック	null	1
カメラ	null	5
カメラマン	null	1
カラー	null	2
カルテ	null	1
カレンダー	null	5
カロリー	null	2
カンニング	null	1
カー	null	3
カーテン	null	4
カード	null	3
カーブ	null	2
カーペット	null	1
ガイド	null	1
ガイドブック	null	1
ガソリン	null	4
ガソリンスタンド	null	4
ガム	null	2
ガレージ	null	1
キャッチ	null	1
キャプテン	null	3
キャリア	null	1
キャンパス	null	2
キャンプ	null	3
キロ	null	5
ギター	null	5
ギャング	null	2
クイズ	null	1
クラシック	null	3
クラス	null	5
クラブ	null	1
クリスマス	null	3
クリーニング	null	2
クリーム	null	3
クレーン	null	1
クーラー	null	2
グラス	null	3
グラフ	null	1
グランド	null	3
グループ	null	3
グレー	null	1
ケチ	null	3
ケーキ	null	4
ケース	null	3
ゲスト	null	1
ゲーム	null	3
コック	null	2
コピー	null	5
コマーシャル	null	1
コミュニケーション	null	1
コメント	null	1
コレクション	null	2
コンクール	null	2
コンサート	null	4
コンセント	null	2
コンタクト	null	1
コンテスト	null	1
コントラスト	null	1
コントロール	null	1
コンパス	null	1
コンピュータ	null	4
コース	null	2
コーチ	null	3
コート	null	5
コード	null	3
コーナー	null	1
コーラス	null	2
ゴミ箱	16	0
ゴミ袋	42	0
ゴール	null	3
サイクル	null	1
サイズ	null	1
サイレン	null	2
サイン	null	3
サボる	null	1
サラダ	null	4
サラリーマン	null	2
サン	null	1
サンキュー	null	1
サンタクロース	null	1
サンダル	null	4
サンドイッチ	null	4
サンプル	null	2
サークル	null	2
サービス	null	3
システム	null	1
シック	null	1
シナリオ	null	1
シャッター	null	2
シャツ	null	5
シャワー	null	5
ショック	null	1
ショップ	null	2
ショー	null	1
シリーズ	null	2
シーズン	null	2
シーツ	null	2
シート	null	1
ジェット機	null	3
ジャズ	null	1
ジャム	null	4
ジャンパー	null	1
ジャンプ	null	1
ジャンボ	null	1
ジャンル	null	1
ジャーナリスト	null	2
ジュース	null	3
ジーンズ	null	3
スイッチ	null	3
スカート	null	5
スカーフ	null	2
スキー	null	3
スクリーン	null	4
スクール	null	2
スケジュール	null	2
スケート	null	3
スタイル	null	3
スタジオ	null	1
スタンド	null	3
スター	null	3
スタート	null	2
スチュワーデス	null	2
スチーム	null	1
ステレオ	null	4
ステーキ	null	4
ステージ	null	2
ストッキング	null	2
ストップ	null	2
ストライキ	null	1
ストレス	null	1
ストロボ	null	1
ストロー	null	1
ストーブ	null	5
スピーカー	null	2
スピーチ	null	3
スピード	null	1
スプリング	null	1
スプーン	null	5
スペイン語	10	0
スペース	null	1
スポーツ	null	5
スポーツカー	null	1
スマート	null	2
スライド	null	2
スラックス	null	1
スリッパ	null	5
スーツ	null	4
スーツケース	null	4
スープ	null	3
ズボン	null	5
セクション	null	1
セックス	null	1
セット	null	3
セメント	null	2
セレモニー	null	1
センス	null	1
センター	null	3
センチ	null	2
セーター	null	5
セール	null	1
ゼミ	null	2
ゼリー	null	1
ソックス	null	1
ソファ	null	3
ソフト	null	4
ソロ	null	1
ソース	null	1
タイア	null	2
タイトル	null	1
タイピスト	null	1
タイプ	null	4
タイプライター	null	3
タイマー	null	1
タイミング	null	1
タイム	null	1
タイムリー	null	1
タイヤ	null	1
タイル	null	1
タオル	null	3
タクシー	null	5
タレント	null	1
タワー	null	1
タンパク質	null	1
ダイアグラム	null	2
ダイヤ	null	3
ダイヤモンド	null	2
ダイヤル	null	2
ダウン	null	1
ダブる	null	1
ダブル	null	2
ダム	null	2
ダンス	null	3
ダンプ	null	1
チェック	null	4
チェンジ	null	1
チップ	null	2
チャイム	null	1
チャネル	null	1
チャンス	null	3
チョーク	null	2
チーズ	null	3
チーム	null	3
チームワーク	null	1
ティッシュペーパー	null	1
テキスト	null	4
テスト	null	5
テニス	null	4
テニスコート	null	2
テレックス	null	1
テレビ	null	5
テント	null	3
テンポ	null	2
テーブル	null	5
テープ	null	5
テープレコーダー	null	5
テーマ	null	2
デコレーション	null	1
デザイン	null	1
デザート	null	1
デッサン	null	1
デパート	null	5
デモ	null	3
デモンストレーション	null	1
データ	null	1
デート	null	3
ト	null	3
トイレ	null	5
トップ	null	3
トラック	null	3
トラブル	null	1
トランジスタ	null	1
トランプ	null	3
トレーニング	null	2
トンネル	null	3
トーン	null	1
ドア	null	5
ドキドキ	null	2
ドライ	null	1
ドライクリーニング	null	1
ドライバー	null	1
ドライブ	null	3
ドライブイン	null	1
ドラマ	null	3
ドリル	null	1
ドレス	null	3
ナイター	null	1
ナイフ	null	5
ナイロン	null	2
ナプキン	null	1
ナンセンス	null	1
ナンバー	null	2
ニコニコ	null	2
ニュアンス	null	1
ニュー	null	1
ニュース	null	5
ネガ	null	1
ネクタイ	null	5
ネックレス	null	2
ノイローゼ	null	1
ノック	null	3
ノー	null	3
ノート	null	5
ハイキング	null	3
ハンカチ	null	5
ハンガー	null	1
ハンサム	null	3
ハンドバッグ	null	4
ハンドル	null	2
ハート形	9	0
バイオリン	null	3
バイバイ	null	2
バケツ	null	2
バス	null	5
バス停	23	0
バター	null	5
バック	null	2
バッグ	null	3
バッジ	null	1
バット	null	1
バテる	null	1
バベルの塔	44	0
バランス	null	2
バン	null	3
バンド	null	2
バー	null	1
パイプ	null	3
パイロット	null	3
パジャマ	null	1
パス	null	3
パスポート	null	3
パソコン	null	4
パターン	null	2
パチンコ	null	1
パトカー	null	1
パン	null	5
パンク	null	1
パンツ	null	2
パーセント	null	3
パーティー	null	5
パート	null	4
ヒント	null	1
ビジネス	null	1
ビタミン	null	2
ビデオ	null	3
ビニール	null	2
ビリ	null	1
ビル	null	4
ビルディング	null	2
ビール	null	3
ビー玉	3	0
ピアノ	null	4
ピカピカ	null	2
ピクニック	null	3
ピストル	null	2
ピン	null	3
ピンク	null	2
ファイト	null	1
ファイル	null	1
ファスナー	null	2
ファン	null	1
フィルター	null	1
フィルム	null	5
フェリー	null	1
フォーク	null	5
フォーム	null	1
フライパン	null	2
フランス人	3	0
フランス語	10	0
フリー	null	2
フロント	null	1
フワフワ	null	2
ブザー	null	1
ブラウス	null	2
ブラシ	null	2
ブルー	null	1
ブレーキ	null	3
ブローチ	null	2
ブーツ	null	1
ブーム	null	1
プラス	null	3
プラスチック	null	2
プラットホーム	null	2
プラン	null	3
プリント	null	2
プレゼント	null	4
プロ	null	3
プログラム	null	2
プール	null	5
ヘリコプター	null	2
ベスト	null	1
ベストセラー	null	1
ベッド	null	5
ベテラン	null	2
ベル	null	4
ベルト	null	3
ベンチ	null	3
ベース	null	1
ペア	null	1
ペコペコ	null	1
ペット	null	5
ペン	null	5
ペンキ	null	3
ペンチ	null	2
ホット	null	1
ホテル	null	5
ホース	null	1
ホーム	null	3
ホール	null	1
ボイコット	null	1
ボタン	null	5
ボルト	null	1
ボーイ	null	3
ボート	null	3
ボーナス	null	2
ボール	null	3
ボールペン	null	5
ポイント	null	1
ポケット	null	5
ポジション	null	1
ポスター	null	2
ポスト	null	5
ポット	null	1
ポンプ	null	1
ポーズ	null	1
マイク	null	3
マイナス	null	2
マスク	null	2
マスコミ	null	1
マスター	null	3
マス目	60	0
マッサージ	null	1
マッチ	null	5
マフラー	null	2
ママ	null	3
マラソン	null	2
マンション	null	2
マーク	null	1
マーケット	null	3
ミシン	null	2
ミス	null	3
ミスプリント	null	1
ミセス	null	1
ミュージック	null	1
ミリ	null	2
ミルク	null	3
ムード	null	1
メッセージ	null	1
メディア	null	1
メニュー	null	2
メモ	null	3
メモ帳	48	0
メロディー	null	1
メンバー	null	3
メーカー	null	1
メーター	null	2
モダン	null	2
モデル	null	2
モニター	null	1
モノレール	null	2
モーター	null	2
モーテル	null	1
ヤング	null	1
ユニフォーム	null	1
ユニーク	null	1
ユーモア	null	3
ヨット	null	3
ライス	null	1
ライター	null	3
ラケット	null	3
ラジオ	null	5
ラジカセ	null	5
ラッシュアワー	null	2
ラベル	null	1
ランチ	null	2
ランニング	null	2
ランプ	null	1
リズム	null	2
リットル	null	2
リボン	null	2
ルーズ	null	1
ルール	null	1
レインコート	null	2
レギュラー	null	1
レクリエーション	null	2
レコード	null	5
レジ	null	4
レジャー	null	2
レストラン	null	5
レッスン	null	1
レディー	null	1
レバー	null	1
レベル	null	2
レポート	null	4
レンジ	null	1
レンズ	null	2
レンタカー	null	1
レントゲン	null	1
レース	null	1
ロケット	null	3
ロッカー	null	2
ロビー	null	2
ロマンチック	null	1
ロープ	null	1
ローマ字	null	2
ローンチ	null	2
ワイン	null	3
ワット	null	1
ワンピース	null	2
ワープロ	null	4
ヶ月	null	1
一	1	5
一々	null	2
一つ	1	5
一人	1	5
一人一人	null	3
一人娘	29	0
一人暮らし	37	0
一人称	38	0
一代	4	0
一休み	null	2
一位	11	0
一体	7	3
一例	14	0
一個	20	0
一億	13	0
一先ず	null	2
一冊	19	0
一切	null	1
一別	null	1
一匹	44	0
一台	3	0
一同	null	1
一周	14	0
一周忌	59	0
一回	5	0
一変	null	1
一夫多妻	20	0
一定	null	2
一家	null	3
一寸	null	5
一層	24	3
一巻	25	0
一帯	null	1
一年生	4	0
一度	null	4
一度に	null	3
一律	null	1
一心	null	1
一応	22	2
一息	null	1
一打	4	0
一抹	55	0
一括	42	1
一挙に	null	1
一敗	null	1
一文字	4	0
一斉	43	2
一斉に	45	0
一方	null	3
一日	2	5
一旦	55	2
一昨年	null	5
一昨日	17	5
一昨昨日	null	2
一時	7	3
一月	null	5
一本気	4	0
一杯	29	4
一概に	49	1
一様	null	1
一歩	6	0
一気	4	1
一泊	42	0
一流	12	2
一生	5	3
一生懸命	40	4
一番	8	5
一番目	10	0
一目	null	1
一瞬	46	3
一種	null	3
一筋	35	1
一緒	38	5
一翼	44	0
一致	38	3
一般	36	3
一般的	38	0
一見	null	1
一覧	30	0
一言	null	3
一貫	52	0
一通り	null	2
一連	null	1
一遍	57	0
一遍に	59	0
一部	null	1
一重	null	1
一階	12	0
一面	null	1
一頃	null	1
丁々	null	1
丁寧	46	4
丁度	9	5
丁目	7	1
七	1	5
七つ	1	5
七日	2	5
万	3	5
万一	null	3
万人	5	1
万年筆	26	5
万歳	46	2
万能	null	1
丈	15	1
丈夫	15	5
三	1	5
三つ	1	5
三つ編み	35	0
三世	4	0
三人	1	0
三味線	null	1
三日	2	5
三日月	null	2
三角	5	2
三角形	7	0
上	1	5
上がり	null	1
上がる	1	4
上げ	44	0
上げる	1	5
上り	null	2
上る	1	5
上下	null	2
上京	null	3
上位	null	1
上司	15	1
上品	18	0
上唇	47	0
上回る	null	1
上巻	25	0
上手	2	5
上手い	43	3
上旬	37	2
上昇	null	1
上演	23	1
上着	null	5
上空	null	1
上等	null	3
上級	11	2
上述	24	0
上達	null	3
上陸	null	1
下	1	5
下がる	1	4
下げる	1	4
下さい	1	5
下さる	null	3
下らない	null	2
下り	null	3
下る	null	2
下ろし	54	0
下ろす	38	3
下位	null	1
下取り	null	1
下吏	null	1
下品	16	2
下唇	47	0
下地	null	1
下宿	null	4
下巻	25	0
下心	null	1
下手	2	5
下旬	37	2
下書き	18	2
下水	null	2
下火	null	1
下町	5	2
下番	null	1
下痢	60	1
下着	14	4
下線	null	2
下調べ	null	1
下車	null	2
下降	null	2
下駄	50	2
不	null	3
不人気	7	0
不便	11	4
不信	15	0
不倫	52	0
不健康	29	0
不利	null	3
不動産	null	1
不可	null	3
不可分	20	0
不可欠	18	1
不可能	22	0
不合格	16	0
不吉	44	1
不味い	17	5
不図	null	3
不在	null	1
不均衡	59	0
不孝	40	0
不孝者	42	0
不安	6	3
不完全	16	0
不審	null	1
不平	null	3
不幸	16	3
不当	null	1
不快	30	0
不思議	20	3
不愉快	57	0
不意	null	1
不憫	null	1
不振	26	1
不文律	23	0
不明	6	1
不明瞭	49	0
不服	null	1
不朽	58	0
不機嫌	22	0
不正	4	3
不治	16	0
不況	25	1
不法	15	0
不浄	53	0
不満	null	3
不潔	28	2
不眠症	27	0
不祥事	52	0
不穏	46	0
不等	18	0
不純	34	0
不自由	9	3
不良	11	1
不規則	25	2
不評	null	1
不詳	17	0
不調	null	1
不貞	51	0
不足	4	3
不透明	42	0
不通	null	2
不運	null	2
不適	30	0
不順	null	1
与える	25	3
与党	null	1
且つ	null	1
世	4	1
世の中	6	3
世代	null	1
世帯	null	1
世界	9	4
世紀	15	3
世話	null	3
世論	null	1
世辞	16	1
世間	null	3
丘	44	3
丘陵	56	1
両側	17	2
両手	6	0
両方	6	4
両日	6	0
両替	27	3
両極	null	1
両立	null	1
両翼	44	0
両者	8	0
両腕	24	0
両親	null	5
並	28	1
並びに	null	1
並ぶ	28	5
並べる	30	5
並列	28	1
並木	null	2
並行	28	2
中	2	5
中々	2	3
中ほど	null	1
中世	null	2
中佐	47	0
中傷	null	1
中古	3	3
中和	null	1
中国	6	0
中央	4	3
中学	null	3
中学校	9	4
中学生	7	0
中尉	56	0
中年	null	2
中心	null	3
中性	null	2
中指	13	2
中断	null	1
中旬	37	2
中東	6	0
中枢	42	1
中欧	29	0
中止	3	3
中毒	15	1
中立	null	1
中級	11	0
中継	null	1
中華	31	0
中身	null	2
中軸	42	0
中途	null	2
中途半端	27	0
中間	null	2
丸	2	3
丸々	null	1
丸い	2	5
丸ごと	4	1
丸っきり	null	1
丸で	null	3
丸める	null	1
丹念	53	0
丹精	53	0
主	30	0
主なる	null	1
主に	4	3
主人	4	0
主人公	null	1
主任	null	1
主体	null	1
主催	29	1
主唱	40	0
主因	17	0
主婦	28	3
主宰	56	0
主将	36	0
主導	null	1
主張	null	3
主役	null	2
主権	null	1
主演	null	1
主義	21	3
主要	null	3
主観	22	1
主観的	24	0
主語	10	2
主題	null	1
主食	null	1
丼	34	2
乃至	null	1
久しい	32	1
久しぶり	34	4
乏しい	30	1
乗せる	9	3
乗っ取る	null	1
乗り場	11	0
乗り換え	null	2
乗り換える	38	4
乗り物	11	4
乗り込む	null	1
乗る	9	5
乗客	null	3
乗車	null	2
乙	57	1
九	1	3
九つ	1	5
九州	6	0
九日	2	5
乱す	21	1
乱れる	19	1
乱交	19	0
乱戦	19	0
乱暴	19	2
乱用	null	1
乳	null	1
乳首	23	0
乾かす	33	2
乾く	29	4
乾季	29	0
乾杯	29	2
乾燥	51	2
乾電池	null	2
亀	35	0
了	null	1
了承	null	1
了解	23	1
予て	null	1
予め	11	1
予備	null	2
予告	18	0
予報	18	3
予定	9	4
予想	13	1
予感	null	1
予期	null	3
予測	35	3
予算	null	3
予約	14	4
予習	null	4
予言	null	1
予防	20	3
争い	null	1
争う	11	2
事	9	3
事によると	null	1
事件	21	3
事典	16	0
事前	null	1
事務	null	3
事務所	21	4
事変	15	0
事実	9	3
事情	13	3
事態	null	3
事故	26	4
事柄	null	1
事業	null	1
事項	39	1
二	1	5
二つ	1	5
二世	4	0
二人	1	5
二倍	12	0
二十日	4	5
二十歳	46	5
二日	2	5
二日酔い	37	0
二枚舌	19	0
二番	8	0
二重	9	0
二階	12	0
二階建て	null	4
云々	null	1
互い	35	3
五	2	5
五つ	2	5
五十音	null	2
五十音順	19	0
五感	13	0
五日	2	5
井戸	45	2
些とも	null	4
些事	null	1
亜爾加里	null	1
亜科	null	1
亜米利加	null	4
亜細亜	null	4
亡くなる	6	4
亡霊	45	0
交わる	8	1
交互	35	1
交付	null	1
交代	null	2
交差	null	2
交差点	24	5
交換	null	3
交易	null	1
交流	null	2
交渉	17	1
交番	8	5
交通	7	4
交通機関	null	2
交通網	42	0
交錯	56	0
交際	null	3
享受	58	1
京都	12	0
亭	50	0
人	1	5
人々	2	0
人ごみ	34	3
人たち	20	0
人参	14	0
人口	1	4
人命	null	2
人工	1	3
人差し指	26	2
人形	7	4
人性	14	0
人情	13	1
人数	8	0
人文科学	null	2
人材	null	1
人柄	42	1
人格	14	1
人権	21	0
人殺し	15	0
人民	null	1
人気	4	3
人物	null	3
人生	3	3
人目	null	1
人種	18	3
人脈	31	0
人質	null	1
人通り	null	2
人造	26	2
人違い	26	0
人間	8	3
人類	18	3
人類学	20	0
仁	41	0
仁義	41	0
今	3	5
今すぐ	5	0
今に	null	3
今にも	null	3
今まで	5	0
今回	5	3
今夜	6	4
今年	6	5
今度	9	4
今後	null	3
今日	3	5
今日は	3	3
今晩	null	5
今晩は	15	2
今更	32	1
今月	3	5
今朝	10	5
今週	7	5
介入	35	1
介抱	null	1
介護	null	1
仏	15	3
仏像	16	1
仏僧	18	0
仏典	16	0
仏壇	49	0
仏教	15	0
仏教徒	19	0
仕える	null	1
仕上がり	null	1
仕上がる	null	2
仕上げ	null	1
仕上げる	null	1
仕事	11	5
仕付ける	null	1
仕入れる	null	1
仕切る	null	1
仕掛け	null	1
仕掛ける	null	1
仕方	4	4
仕方がない	6	0
仕来り	null	1
仕様	null	1
仕様がない	null	2
仕立てる	null	1
仕組み	null	1
仕舞い	null	1
仕舞う	null	3
仕舞った	null	3
仕草	5	0
仕返し	11	0
他	4	5
他人	4	3
他動詞	21	1
他意	null	1
他方	null	1
付き	11	1
付き合い	null	3
付き合う	null	2
付く	9	4
付ける	7	5
付け加える	null	1
付属	null	2
付近	9	2
付録	null	1
仙	null	1
仙人	39	0
仙台	39	0
代	null	1
代わり	6	4
代わる代わる	null	1
代名詞	null	2
代弁	null	1
代理	null	3
代用	4	1
代表	null	3
代金	null	3
以て	null	1
以上	7	4
以下	7	4
以内	null	4
以前	7	3
以外	7	4
以後	7	2
以来	null	3
以降	34	2
仮	null	1
仮に	9	0
仮令	null	1
仮名	9	2
仮名遣い	null	2
仮定	9	2
仮称	38	0
仮説	17	0
仮面	16	0
仰々しい	50	0
仰ぐ	50	1
仰る	null	4
仰天	50	0
仲	11	3
仲人	null	1
仲直り	11	2
仲良く	13	0
仲良し	13	2
仲間	11	3
件	null	1
任す	null	1
任せる	null	3
任務	21	1
任命	null	1
任意	21	0
企てる	21	0
企業	null	3
企画	21	1
伊	null	1
伊達	47	0
伏線	55	0
伐採	57	0
休み	4	5
休む	4	5
休める	null	1
休学	5	1
休息	null	2
休憩	47	3
休憩所	49	0
休戦	null	1
休日	4	0
休暇	27	3
休業	null	2
休止	4	0
休講	null	2
会	5	3
会う	5	5
会合	null	3
会員	12	3
会場	null	4
会社	5	5
会社員	12	0
会計	null	3
会話	8	4
会談	null	1
会議	20	4
会議室	20	4
会釈	51	0
会館	null	2
伝	15	0
伝える	11	4
伝わる	11	2
伝来	null	1
伝染	null	2
伝染病	32	0
伝統	22	3
伝統的	24	0
伝言	null	1
伝記	11	2
伝説	17	1
伝達	18	1
伯	50	0
伯母さん	null	5
伯父	50	0
伯父さん	null	2
伴う	38	1
伸ばす	30	3
伸びる	36	3
伺い	43	0
伺う	41	3
似る	31	4
似合う	33	3
似通う	null	1
但し	null	2
位	11	3
位置	22	3
低い	11	5
低下	null	2
住	null	1
住まい	null	2
住む	8	5
住人	8	0
住宅	23	3
住所	8	4
住民	9	3
体	5	5
体つき	null	1
体内	5	0
体制	null	2
体力	5	1
体操	33	2
体格	null	1
体温	null	3
体積	29	2
体系	null	2
体系的	30	0
体育	13	3
体裁	null	1
体重	9	0
体験	9	1
何	5	5
何々	null	2
何か	null	3
何しろ	null	2
何だか	null	1
何だかんだ	null	1
何て	null	1
何で	null	3
何でも	null	3
何と	null	1
何とか	null	3
何となく	null	2
何とも	null	2
何なり	null	1
何の	null	5
何も	null	3
何より	null	1
何れ	null	5
何れ何れ	null	1
何人	5	0
何処	null	5
何処か	null	3
何分	null	2
何千	5	0
何卒	null	1
何回	5	0
何年	5	0
何度	9	0
何故	26	5
何故なら	28	3
何方	null	5
何日	5	0
何時	7	5
何時か	null	3
何時でも	null	3
何時までも	null	3
何時も	null	5
何月	5	0
何遍	57	0
余り	null	5
余る	20	2
余分	null	3
余剰	53	0
余地	null	1
余所	8	2
余暇	null	1
余程	null	1
余興	null	1
余裕	20	3
余計	20	2
余震	20	0
佚	null	2
作	null	1
作り	null	1
作り方	7	0
作る	5	5
作品	16	3
作家	7	3
作成	null	2
作戦	11	1
作文	5	5
作曲	null	3
作業	10	3
作法	null	3
作物	null	3
作用	5	1
作者	8	2
作製	null	2
佳作	55	0
佳句	null	1
佳日	56	0
併合	38	0
併殺	38	0
使い	null	1
使い捨て	34	0
使い方	11	0
使い道	null	1
使う	9	5
使命	null	1
使用	9	3
使用人	null	1
例	null	3
例え	null	3
例えば	14	4
例える	null	2
例外	14	2
例文	14	0
侍	44	1
供える	24	0
供する	null	1
供給	27	3
依ると	null	3
依存	36	1
依然	36	1
依頼	36	3
依頼人	38	0
価値	22	3
価値観	24	0
価格	22	3
侮る	59	0
侮蔑	59	0
侮辱	59	1
侵す	41	1
侵入	41	2
侵害	41	0
侵攻	41	0
侵略	null	1
侵食	49	0
便	null	3
便り	null	3
便利	11	5
便宜	null	1
便所	11	2
便秘	32	0
便箋	null	2
係	null	3
促す	29	1
促進	null	1
俄	null	2
俊才	40	0
俗	49	0
俗語	49	0
保つ	9	1
保健	null	2
保存	16	3
保守	null	1
保守主義	23	0
保守的	16	0
保持	9	0
保母	null	1
保温	null	1
保管	null	1
保育	54	1
保証	16	3
保護	23	1
保険	16	1
保養	null	1
信じる	15	3
信ずる	null	2
信仰	50	3
信任	null	1
信号	15	3
信奉	55	0
信徒	19	0
信心	15	0
信用	15	3
信者	null	1
信託	38	0
信頼	36	3
修了	null	1
修士	28	1
修学	null	1
修正	null	3
修理	28	3
修繕	null	2
修行	null	1
修辞学	28	0
修飾	null	1
俳優	23	3
俳句	23	2
俵	46	0
俺	44	1
俺たち	44	0
俺ら	44	0
倅	null	1
倉庫	31	2
個々	null	1
個人	20	3
個体	null	2
個室	20	0
個性	null	1
倍	12	4
倍率	null	1
倒す	20	3
倒れる	22	4
倒壊	29	0
倒産	20	1
倒錯	56	0
候補	null	3
候補者	25	0
借り	null	1
借りる	18	5
借り手	20	0
借家	18	0
借款	57	0
借用	18	0
借財	19	0
借金	18	3
倣う	null	2
値	22	3
値する	null	1
値引き	null	1
値打ち	null	1
値札	22	0
値段	27	4
倫理	52	0
倫理学	54	0
倫理的	54	0
倶楽部	null	1
倹約	60	1
偉い	51	2
偉人	51	0
偉大	51	3
偏	null	1
偏り	54	0
偏る	52	2
偏狭	52	0
偏見	52	1
偏食	52	0
偖	null	3
停止	23	2
停滞	null	1
停留所	null	3
停車	null	2
停電	23	2
健やか	null	1
健全	null	1
健在	null	1
健康	27	3
健忘症	27	0
側	17	5
側面	null	1
偶々	null	3
偶に	50	4
偶数	null	2
偶然	50	3
偽	41	0
偽る	41	0
偽物	43	1
偽装	41	0
偽造	41	1
傍ら	57	1
傍受	55	0
傍観	55	0
傑作	58	2
傘	28	5
傘立て	28	0
備える	23	3
備え付ける	null	1
備わる	null	1
備蓄	48	0
催し	null	2
催す	null	1
催促	29	2
催告	29	0
傲慢	54	0
債券	36	0
債権	36	0
傷	32	3
傷つく	34	1
傷つける	34	0
傷心	32	0
傷者	32	0
傾く	38	2
傾ける	40	1
傾らか	null	2
傾向	38	3
傾斜	null	1
僅か	null	3
働き	null	3
働く	11	5
像	null	1
僕	12	4
僧	null	1
僧院	18	0
儀式	41	2
億	13	4
儚い	null	1
償う	37	0
優	null	1
優しい	23	4
優れる	25	3
優位	null	1
優先	23	1
優勝	23	3
優勢	null	1
優秀	23	3
優美	null	1
優越	null	1
優遇	52	0
優雅	40	0
儲かる	null	2
儲ける	null	2
元	3	3
元々	null	2
元凶	45	0
元帥	53	0
元年	null	1
元旦	55	0
元来	null	1
元気	4	5
元素	null	1
元首	null	1
兄	5	5
兄弟	5	5
兄貴	34	0
充実	39	1
充電	39	0
兆し	null	1
兆候	37	0
先	4	5
先々月	4	2
先々週	null	2
先ず	4	3
先だって	null	1
先に	null	1
先ほど	30	2
先代	null	1
先回り	7	0
先天的	null	1
先日	4	3
先月	4	5
先生	4	5
先着	null	1
先祖	32	2
先端	27	2
先行	null	1
先輩	25	4
先週	7	5
先頃	45	0
先頭	null	2
光	5	4
光る	7	4
光年	5	0
光景	25	3
光栄	17	0
光沢	null	1
光熱費	null	1
光線	null	2
光輝	48	0
克明	42	0
克服	42	3
免れる	39	1
免状	39	0
免疫	50	0
免税	39	2
免許	39	3
免除	39	1
兎	null	3
兎に角	null	3
兎も角	null	2
兎角	null	1
児童	28	2
党	null	3
党員	32	0
入り江	29	0
入る	1	5
入れる	1	5
入れ墨	46	0
入れ物	null	2
入力	2	0
入口	1	5
入団	19	0
入場	8	3
入学	5	4
入学試験	11	0
入所	8	0
入手	null	1
入浴	null	1
入獄	35	0
入社	5	2
入籍	45	0
入門	16	0
入院	10	4
入隊	28	0
入館料	13	0
全く	8	3
全て	6	3
全体	null	3
全力	6	0
全員	12	3
全国	6	3
全壊	29	0
全快	null	1
全損	34	0
全景	25	0
全治	16	0
全滅	null	1
全然	13	3
全盛	null	1
全米	8	0
全般	null	2
全般的	38	0
全裸	45	0
全身	8	2
全部	9	5
全集	null	2
全額	24	0
八	1	5
八つ	1	5
八日	2	5
八百屋	null	5
公	null	1
公共	11	2
公務	null	2
公務員	null	4
公募	null	1
公告	18	0
公営	22	0
公団	null	1
公園	16	5
公害	20	2
公平	null	3
公式	null	2
公正	null	2
公演	null	1
公然	null	1
公用	3	1
公益	28	0
公示	22	0
公社	5	0
公立	null	1
公衆	null	2
公表	null	2
公設	21	0
公認	null	1
公邸	51	0
公開	10	1
六	2	5
六つ	2	5
六日	2	5
共	null	1
共に	null	3
共働き	null	1
共同	11	3
共和	null	1
共存	null	1
共学	null	1
共感	null	1
共有	11	0
共犯者	20	0
共産	null	1
共産党	32	0
共稼ぎ	null	1
共通	null	3
共通点	11	0
共鳴	null	1
兵	17	0
兵員	17	0
兵器	17	1
兵士	17	1
兵糧	54	0
兵舎	35	0
兵隊	28	2
其の	null	5
其のまま	null	3
其れ	null	5
其れから	null	5
其れで	null	4
其れでは	null	5
其れでも	null	3
其れに	null	4
其れ共	null	3
其処	null	5
其処で	null	3
其処ら	null	1
其方	null	5
具体	null	3
具合	14	4
典型	null	3
典型的	24	0
兼ねる	40	2
兼業	40	1
兼用	40	1
内	3	4
内乱	null	1
内側	17	0
内偵	31	0
内因	17	0
内堀	40	0
内容	19	3
内科	null	2
内緒	38	0
内緒話	40	0
内線	null	2
内臓	34	1
内訳	null	1
内部	null	1
内閣	null	1
内陸	null	1
円	2	3
円周	null	2
円弧	42	0
円満	null	1
円滑	42	1
円盤	38	0
冊	19	1
再	null	1
再び	26	3
再三	null	2
再会	null	1
再度	26	0
再建	26	1
再来年	26	5
再来月	26	4
再来週	26	4
再現	null	1
再生	null	1
再発	null	1
再開	26	0
冒険	16	3
冒頭	null	1
冗談	16	3
写し	null	1
写す	4	4
写る	4	2
写生	null	2
写真	16	5
冠	54	2
冬	3	5
冬休み	6	0
冬眠	null	1
冬至	41	0
冴える	null	1
冷える	32	4
冷たい	28	5
冷ます	null	2
冷める	null	2
冷やかす	null	1
冷やす	30	2
冷凍	null	2
冷凍庫	28	0
冷房	38	4
冷淡	null	1
冷蔵	null	1
冷蔵庫	33	5
冷遇	52	0
冷酷	54	1
冷静	28	3
凄い	null	4
凌ぐ	58	1
凍える	null	2
凍る	28	3
凍死	28	0
凍結	28	0
凛々しい	56	0
凝らす	null	1
凝る	55	1
凝乎と	null	3
凝固	55	0
凝視	55	0
几帳面	null	1
凡そ	null	3
凡人	56	0
凡庸	56	0
処分	28	1
処理	28	3
処置	28	1
処罰	null	1
処遇	52	0
凭れる	null	2
凶作	null	1
凶器	45	0
凶悪	45	0
凸凹	59	2
凸版	57	0
凹む	59	2
凹凸	57	0
出かける	4	5
出くわす	null	1
出す	2	5
出る	2	5
出世	null	1
出会い	null	3
出会う	10	3
出入り口	null	2
出切る	null	1
出動	null	1
出勤	null	2
出口	2	5
出品	null	1
出席	17	3
出張	null	2
出所	8	0
出来る	6	5
出来るだけ	null	3
出来上がり	null	2
出来上がる	8	2
出来事	null	3
出来物	null	1
出没	52	0
出演	null	1
出版	30	3
出版社	32	0
出獄	35	0
出生	null	1
出産	null	1
出発	9	3
出直し	null	1
出社	null	1
出血	6	1
出費	null	1
出身	null	3
出迎え	null	2
出迎える	null	2
出鱈目	null	2
刀	2	3
刃	44	1
刃先	44	0
刃物	44	0
分	3	3
分かる	3	5
分かれる	null	2
分ける	3	3
分布	null	2
分担	null	1
分散	null	1
分数	null	2
分析	42	3
分業	null	1
分母	null	1
分泌	60	0
分裂	43	1
分解	21	2
分配	null	1
分野	null	3
分量	null	2
分離	31	1
分類	18	2
切っ掛け	null	2
切ない	null	1
切り	null	1
切り取る	18	0
切り替える	null	1
切る	3	5
切れ	null	3
切れる	3	3
切れ目	null	1
切実	null	1
切手	4	5
切符	30	5
切腹	27	0
切迫	27	0
切開	null	1
刈り取る	49	0
刈る	49	3
刊行	38	1
刑	null	1
刑事	37	3
刑務所	37	0
刑期	37	0
刑罰	37	1
列	15	3
列島	null	2
列車	null	3
初	null	1
初めて	13	5
初めに	12	2
初めまして	null	2
初回	11	0
初旬	null	2
初歩	11	0
初版	30	1
初級	11	2
初耳	null	1
判	null	1
判事	null	2
判子	21	2
判定	null	1
判断	21	3
判決	null	1
別	11	4
別々	11	2
別に	11	3
別れ	null	3
別れる	13	4
別人	11	0
別冊	19	0
別荘	54	2
利口	null	3
利子	null	1
利害	null	2
利息	12	1
利根	null	1
利潤	49	1
利点	null	1
利用	null	4
利益	28	3
到底	null	1
到着	42	3
到達	null	1
到頭	null	4
制	null	1
制する	null	1
制作	null	2
制定	null	1
制度	21	3
制服	21	1
制裁	null	1
制覇	52	0
制限	null	3
刷り	null	1
刷る	null	2
券	28	3
刺	null	1
刺さる	null	2
刺す	26	2
刺激	26	3
刺繍	null	1
刺身	28	2
刻む	34	2
剃る	null	2
剃刀	null	2
削る	37	2
削減	37	1
削除	37	2
前	6	5
前もって	null	1
前例	null	1
前兆	37	0
前回	8	0
前売り	null	1
前売り券	28	0
前後	null	2
前提	null	1
前景	25	0
前置き	null	1
前者	null	3
前途	null	1
前進	null	3
前面	16	0
剛健	49	0
剣	35	0
剣道	35	0
剤	40	0
剥がす	null	2
剥く	null	2
剥ぐ	null	1
剥げる	null	1
副大統領	24	0
副業	22	0
副詞	22	2
副題	22	0
剰余金	53	0
割と	null	2
割り勘	49	0
割り当て	null	1
割り算	23	2
割り箸	47	0
割り込む	null	1
割る	23	3
割れる	25	4
割合	23	4
割合に	null	2
割引	25	2
創作	null	2
創刊	null	1
創立	26	1
創造	26	1
創造力	28	0
創造的	28	0
劇	17	3
劇団	19	1
劇場	17	3
劇的	17	0
力	1	4
力士	13	0
力強い	null	2
功績	32	2
加える	19	3
加わる	null	3
加入	null	1
加味	null	1
加工	null	1
加減	null	3
加湿器	45	0
加熱	null	2
加速	null	2
加速度	null	2
劣る	49	3
劣化	49	0
劣悪	49	0
劣等感	49	0
助	null	1
助かる	10	2
助け	null	1
助ける	8	3
助力	8	0
助動詞	null	1
助手	10	3
助教授	null	2
助言	8	1
助詞	19	1
努めて	null	1
努める	null	2
努力	11	3
励ます	26	1
励む	null	1
労る	null	1
労働	11	3
労働者	11	0
労力	null	1
効く	11	3
効力	25	2
効果	25	3
効果的	27	0
効率	25	1
勇ましい	null	2
勇む	17	0
勇敢	57	1
勇気	15	3
勉強	12	5
動かす	14	3
動き	14	1
動く	12	4
動作	null	2
動力	null	1
動向	null	1
動員	null	1
動揺	42	1
動機	null	1
動物	12	5
動物園	16	4
動的	null	1
動詞	19	3
勘	49	3
勘定	51	3
勘弁	49	1
勘案	49	0
勘違い	49	2
勝ち	11	3
勝つ	9	4
勝る	null	1
勝利	null	1
勝手	12	0
勝敗	17	2
勝者	9	0
勝負	9	2
募る	37	1
募金	37	1
募集	37	2
勢い	22	3
勢力	22	1
勤まる	null	1
勤め	36	3
勤める	21	5
勤め先	null	1
勤労	null	1
勤勉	null	1
勤務	null	1
勧め	36	1
勧める	34	3
勧告	39	1
勧誘	39	1
勲章	54	0
勿体ない	null	2
勿論	null	3
匂い	null	3
匂う	null	2
包み	43	3
包み紙	45	0
包む	41	4
包丁	41	2
包囲	41	0
包帯	null	2
包装	null	2
化かす	10	0
化ける	8	1
化する	null	1
化合	null	1
化学	null	3
化石	null	1
化粧	47	3
化繊	53	1
北	3	5
北極	null	2
北海道	8	0
北緯	53	0
北西	5	0
匙	null	2
匠	56	0
匹	44	1
匹敵	null	1
区	15	1
区々	null	1
区分	15	2
区切り	null	1
区切る	null	2
区別	null	3
区域	22	2
区画	null	1
区間	null	1
医大	8	0
医学	8	4
医師	23	3
医療	36	3
医者	8	5
匿名	60	0
十	1	5
十六	2	0
十分	null	4
十字路	null	1
十日	2	5
千	2	5
千円札	9	0
千切る	null	2
千葉	10	0
升	60	0
午前	6	5
午後	6	5
半	3	5
半分	3	5
半島	null	2
半径	31	2
半端	null	1
半裸	45	0
半額	24	0
卑しい	null	1
卑劣	59	0
卑屈	59	0
卑怯	null	2
卒業	14	4
卒業式	16	0
卓	45	0
卓球	45	0
協会	14	1
協力	14	3
協定	null	1
協調	null	1
協議	null	1
南	6	5
南北	null	2
南口	8	0
南東	6	0
南極	27	2
南極圏	39	0
南瓜	55	0
南米	8	2
南緯	53	0
南蛮	60	0
単なる	null	3
単に	15	3
単一	null	1
単位	null	3
単数	null	2
単独	null	1
単純	34	3
単語	15	3
単調	null	1
博士	null	3
博打	28	0
博物館	28	3
博覧会	30	0
占い	26	0
占う	null	2
占める	26	3
占領	null	1
卯	null	1
印	26	3
印刷	43	3
印象	null	3
印鑑	31	1
危うい	null	2
危ない	16	5
危ぶむ	null	1
危害	null	1
危機	20	1
危篤	59	0
危険	16	4
即	43	0
即する	null	1
即ち	null	3
即効	43	0
即座	43	0
即座に	null	1
即日	43	0
即死	43	0
即興	43	0
却って	38	2
却下	38	0
卵	32	5
卸す	54	2
卸値	54	0
卸売	54	0
厄介	35	3
厚い	20	5
厚かましい	null	2
原	null	3
原っぱ	null	1
原作	17	1
原典	null	1
原則	null	1
原因	17	4
原型	24	0
原子	17	1
原子力	19	0
原子炉	43	0
原子爆弾	39	0
原形	null	1
原文	null	1
原料	null	2
原書	null	1
原油	35	1
原潜	41	0
原点	null	1
原爆	41	1
原理	null	2
原産	null	2
原稿	53	2
厳か	null	1
厳しい	32	4
厳禁	32	0
厳粛	54	0
厳重	null	2
去る	null	3
去年	4	5
参る	14	4
参上	null	1
参加	19	3
参加者	21	0
参照	null	1
参考	null	3
参議院	null	1
又	2	5
又は	null	4
及び	38	1
及ぶ	36	1
及ぼす	38	3
及第	36	0
友	null	3
友人	3	3
友好	11	2
友情	null	3
友達	18	5
双	42	0
双子	42	3
双眼鏡	42	0
反	null	1
反する	null	1
反り	null	1
反乱	null	1
反則	23	0
反対	8	4
反射	34	1
反応	22	1
反感	null	1
反抗	37	3
反撃	null	1
反攻	28	0
反映	null	2
反発	null	1
反省	21	2
反響	25	1
収まる	35	1
収める	25	3
収入	23	3
収容	null	1
収支	null	1
収益	null	1
収穫	48	3
収納	33	0
収集	null	1
叔母	50	0
取っ手	null	1
取りあえず	59	1
取り上げる	null	3
取り入れる	null	2
取り出す	18	2
取り分け	18	1
取り寄せる	null	1
取り巻く	null	1
取り戻す	39	1
取り扱い	null	1
取り扱う	40	1
取り替え	null	1
取り替える	27	4
取り次ぐ	null	1
取り決め	18	0
取り消す	null	2
取り混ぜる	null	1
取り立てる	null	1
取り組む	null	1
取り締まり	null	1
取り締まる	null	1
取り調べる	null	1
取り逃がす	44	0
取り除く	null	1
取る	16	5
取れる	16	3
取引	null	1
取材	16	1
受かる	null	1
受ける	9	4
受け付ける	null	1
受け入れ	null	1
受け入れる	null	1
受け取る	null	3
受け持つ	null	2
受け止める	null	1
受付	11	4
受取り	null	2
受胎	57	0
受託	38	0
受話器	null	2
受諾	36	0
受身	null	1
受領書	22	0
受験	9	2
叙事詩	54	0
叙勲	54	0
叙情	54	0
叙述	54	0
口	1	5
口ずさむ	null	1
口実	null	2
口癖	46	0
口笛	21	0
口笛を吹く	42	0
口紅	36	2
口調	10	0
口述	null	1
口頭	null	1
古	null	1
古い	3	5
古代	null	1
古典	null	2
古典的	16	0
古墳	50	0
古来	5	0
句	null	3
句読点	null	2
叩く	null	3
只	49	3
只管	null	1
叫び	46	1
叫び声	46	0
叫ぶ	44	3
召し上がる	53	4
召す	51	1
召喚	51	0
可	null	3
可也	45	3
可分	18	0
可哀想	47	3
可愛い	18	5
可愛がる	null	2
可愛らしい	null	3
可決	null	2
可燃ごみ	24	0
可笑しい	null	4
可能	18	3
可能性	20	0
台	3	3
台所	10	5
台本	null	1
台湾	37	0
台無し	null	1
台詞	23	0
台風	7	4
叱る	44	3
右	2	5
右側	17	0
右利き	13	0
右手	4	0
右翼	44	0
右腕	26	0
叶う	null	1
叶える	null	1
号	4	1
号室	7	0
司る	null	1
司会	null	2
司法	null	1
吃逆	null	2
吃驚	null	3
各	22	0
各地	22	2
各種	null	1
各自	22	2
各駅停車	23	0
合う	12	4
合わす	null	1
合わせ	null	1
合わせる	14	3
合併	null	1
合同	null	2
合唱	null	1
合唱団	40	0
合図	14	3
合意	null	1
合成	null	1
合格	14	3
合流	null	2
合理	null	2
合繊	53	0
合致	null	1
合計	15	3
合議	null	1
合間	null	1
吉	44	0
吊る	null	2
吊るす	null	2
同	null	1
同い年	null	1
同じ	5	5
同一	null	3
同伴	38	0
同僚	29	3
同士	null	1
同封	null	1
同居	null	1
同志	null	1
同情	null	1
同意	null	1
同感	13	1
同日	5	0
同時	7	3
同格	null	2
同様	null	3
同盟	36	1
同等	null	1
同級	null	1
同胞	53	0
同調	null	1
同音異義語	35	0
名	4	3
名人	4	3
名付ける	null	1
名作	null	2
名刺	26	2
名前	8	5
名古屋	9	0
名所	8	2
名曲	6	0
名札	null	1
名残	null	1
名物	9	2
名産	null	1
名簿	50	1
名詞	19	2
名誉	40	1
名高い	null	1
吐き出す	36	0
吐き気	36	2
吐く	34	3
向い	null	3
向かう	null	4
向き	null	1
向く	6	3
向け	10	1
向ける	8	3
向こう	8	5
向上	null	1
君	8	4
君主	null	1
君主国	8	0
吟味	59	1
吠える	null	3
否	33	5
否定	33	3
否定形	35	0
否決	33	1
含む	25	3
含める	null	2
含意	25	0
吸い殻	60	0
吸う	22	5
吸収	23	3
吸血鬼	23	0
吹き出す	42	0
吹き込む	42	0
吹き飛ばす	42	0
吹く	40	5
吹奏	null	1
吹雪	null	2
呆ける	54	0
呆れる	56	2
呆れ返る	58	0
呆気	58	0
呆気ない	null	1
呆然	null	1
呉れる	null	4
呉れ呉れも	null	2
呉服	56	0
呉越同舟	56	0
告げる	18	1
告白	18	1
告訴	25	0
呑気	null	2
呟く	null	1
周	null	1
周り	14	4
周囲	14	3
周年	14	0
周期	14	1
周辺	null	2
呪い	45	0
呪う	45	0
味	11	4
味わい	null	1
味わう	null	2
味噌	35	4
味噌汁	37	0
味方	11	3
味覚	null	1
呼ばれる	25	0
呼びかける	null	2
呼び出す	null	2
呼び止める	null	1
呼び鈴	39	0
呼ぶ	23	5
呼吸	null	3
命	11	3
命じる	null	3
命ずる	null	2
命中	null	1
命令	11	3
咄嗟	null	1
和	null	1
和やか	null	1
和らげる	null	1
和室	9	0
和尚	54	0
和文	null	1
和服	9	2
和英	null	2
和訳	32	0
和風	9	1
和食	9	0
咎める	null	1
咖哩	null	5
咥える	null	2
咲く	48	5
咳	null	3
哀れ	47	3
哀れむ	49	0
哀悼	55	0
品	16	3
品物	18	4
品種	null	1
品詞	19	0
品質	24	1
哉	null	1
員	null	1
哲学	42	3
哲学者	44	0
哺乳瓶	54	0
唇	47	2
唐突	50	0
唯一	49	3
唯物論	49	0
唱える	40	1
唱歌	40	0
唸る	null	3
唾	null	1
商人	12	3
商品	16	3
商売	12	3
商店	null	2
商店街	29	0
商業	null	2
商社	null	2
問	null	1
問い	null	3
問い合わせ	null	2
問い合わせる	null	1
問う	null	1
問屋	null	1
問答	null	2
問題	13	5
啓発	53	0
啓示	53	0
啓蒙	53	0
善	null	3
善悪	19	0
善良	null	1
喉	null	3
喋る	null	3
喚く	51	0
喚起	51	0
喜び	19	3
喜ぶ	17	4
喜劇	17	1
喜寿	35	0
喧しい	null	2
喧嘩	null	4
喪	42	0
喪失	42	0
喪服	44	0
喫煙	18	0
喫茶	null	1
喫茶店	18	5
営む	22	1
営業	22	3
営業中	24	0
嗅ぐ	null	2
嗚呼	null	1
嗜好	null	1
嗽	null	0
嘆	null	1
嘆く	31	1
嘆息	31	0
嘗て	null	1
嘘	null	3
嘘つき	null	1
嘱託	58	0
嘴	null	1
嘸	null	1
噂	null	3
噛み切る	null	1
噛む	null	4
器	13	1
器具	null	2
器官	null	1
器用	13	3
噴出	52	1
噴射	52	0
噴水	52	2
噴火	52	2
噴煙	52	0
嚏	null	2
囀る	null	1
囁く	null	2
囚人	60	0
四	2	5
四つ	4	5
四つ角	null	2
四国	6	0
四季	14	2
四捨五入	null	2
四日	4	5
四角	5	2
四角い	null	2
四隅	51	0
回	5	3
回す	8	3
回り	null	3
回り道	null	2
回る	5	4
回収	null	1
回復	26	3
回忌	59	0
回想	13	0
回数	null	2
回数券	28	2
回答	null	2
回覧	null	1
回路	null	1
回転	10	2
回転寿司	14	0
回送	null	1
回顧録	40	0
因って	null	1
因る	41	2
団体	null	3
団地	null	2
団扇	49	1
団結	null	1
困る	20	5
困窮	56	0
困難	20	3
囲む	14	3
囲碁	46	0
図	5	3
図々しい	null	2
図る	49	1
図形	null	2
図書	null	3
図書館	16	5
図表	null	2
図説	17	0
図鑑	null	2
固まる	18	2
固める	16	1
固体	null	1
固定	null	1
固有	null	1
固有名詞	21	0
国	6	5
国交	null	1
国会	null	3
国債	36	0
国境	24	3
国定	null	1
国宝	6	0
国家	null	3
国旗	30	0
国有	null	1
国柄	42	0
国民	7	3
国王	6	2
国産	null	1
国益	28	0
国立	null	2
国籍	43	2
国語	null	3
国賓	55	0
国連	null	1
国防	null	1
国際	21	4
圏	null	1
圏外	39	0
園	16	1
園芸	null	2
土	2	3
土俵	46	1
土俵際	48	0
土台	null	1
土地	6	3
土塀	47	0
土壌	53	0
土手	null	1
土星	6	0
土曜	null	3
土曜日	18	5
土木	null	1
土産	null	3
圧倒	22	0
圧力	20	1
圧縮	null	2
圧迫	27	1
在外	20	0
在学	null	2
在庫	null	1
在留	20	0
地	6	3
地上	8	0
地下	6	3
地下水	null	2
地下街	31	0
地下鉄	10	5
地中	6	0
地中海	8	0
地主	null	1
地位	null	3
地価	22	0
地元	null	1
地区	15	3
地名	null	2
地味	null	2
地図	6	5
地域	22	3
地帯	31	2
地平線	null	3
地形	null	1
地方	null	3
地殻	58	0
地点	null	2
地獄	35	1
地球	12	3
地理	7	4
地盤	null	2
地蔵	33	0
地質	null	2
地震	20	4
地面	16	0
坂	15	4
均整	31	0
均等	31	0
均衡	57	1
坊さん	22	2
坊ちゃん	null	2
坊や	null	2
坊主	22	0
坑道	60	0
坪	57	0
垂らす	33	0
垂れる	35	1
垂直	33	2
型	24	3
垢	null	1
垣	43	0
垣根	43	2
埃	null	3
埋まる	43	1
埋める	39	2
埋め合せる	41	0
埋め込む	null	1
埋もれる	41	0
埋没	52	0
埋蔵	null	1
城	23	3
城下	null	1
域外	null	1
執る	37	0
執拗い	null	2
執着	37	1
執筆	37	2
執行猶予	58	0
培う	48	0
培養	48	0
基	null	1
基づく	null	3
基地	null	2
基本	14	3
基本的	16	0
基準	23	2
基盤	38	2
基礎	49	2
基金	null	1
埼玉県	39	0
堀	40	3
堂々	null	1
堕胎	57	0
堕落	57	0
堤	50	0
堤防	50	1
堪らない	null	3
堰	50	0
報じる	18	1
報ずる	null	1
報告	18	3
報道	18	1
報酬	54	1
場	null	3
場合	14	4
場所	8	4
場面	16	3
塀	47	3
塁	37	0
塁審	37	0
塁打	37	0
塊	45	2
塔	44	3
塗る	48	4
塗布	48	0
塗料	48	0
塗装	48	0
塚	51	0
塞がる	null	2
塞ぐ	null	2
塩	17	5
塩水	17	0
塩辛い	null	2
塵	null	3
塾	45	1
塾生	45	0
境	24	3
境界	24	2
境遇	52	1
墓	31	3
墓地	31	1
墓場	33	0
墓碑	56	0
増える	21	4
増し	null	1
増す	25	3
増やす	23	2
増加	21	3
増大	null	2
増強	null	1
増減	null	2
増税	21	0
増進	null	1
墜落	47	1
墨	46	2
墨絵	46	0
墳墓	50	0
壁	39	4
壁紙	39	0
壇	49	1
壊す	29	4
壊れる	31	4
壊れ物	31	0
壊滅	43	0
壕	null	1
壮大	50	1
壮年	50	0
壮行	50	0
声	5	5
声明	null	1
売り上げ	11	2
売り出す	null	1
売り切れ	11	2
売り切れる	null	2
売り場	null	4
売り手	11	0
売る	9	5
売れる	9	3
売れ行き	null	2
売店	null	2
売買	null	2
壺	null	1
変	15	4
変える	15	4
変わる	17	4
変事	15	0
変人	15	0
変動	null	1
変化	15	3
変態	22	0
変換	36	0
変更	30	3
変死	15	0
変装	33	0
変遷	59	1
変革	null	1
夏	7	5
夏休み	7	5
夏至	41	0
夕べ	2	5
夕刊	38	2
夕方	null	5
夕日	null	2
夕暮れ	null	1
夕焼け	18	1
夕立	null	2
夕飯	null	5
外	3	5
外す	null	3
外れ	3	0
外れる	3	2
外交	5	3
外交官	17	0
外人	3	0
外側	17	0
外出	null	3
外務大臣	31	0
外国	6	5
外国人	6	5
外堀	40	0
外方	null	1
外来	5	1
外来語	10	0
外相	null	1
外科	null	2
外観	22	1
外貨	null	1
外部	null	2
外面	16	0
多い	5	5
多分	5	5
多少	null	3
多忙	19	1
多数決	null	1
多様	null	1
多額	24	0
夜	6	5
夜中	null	3
夜具	null	1
夜明け	null	3
夜更かし	null	1
夜更け	null	1
夜行	null	2
夜間	null	2
夢	20	4
夢中	20	3
夥しい	null	1
大いに	2	3
大きい	1	5
大きく	7	0
大きさ	1	0
大きな	null	5
大げさ	null	1
大した	1	3
大して	null	2
大丈夫	18	5
大事	9	4
大人	1	5
大人しい	3	2
大仏	15	0
大会	5	3
大佐	47	0
大体	5	4
大作	5	0
大使	null	3
大使館	null	5
大便	null	1
大凡	null	2
大分	null	4
大切	3	5
大勢	22	5
大半	null	3
大声	5	0
大変	15	5
大失敗	19	0
大好き	13	5
大嫌い	22	0
大学	5	5
大学生	7	4
大学院	10	2
大学院生	12	0
大家	null	3
大将	36	0
大尉	56	0
大小	null	2
大層	null	2
大工	null	2
大幅	36	1
大役	8	0
大戦	null	3
大抵	37	4
大損	34	0
大敵	21	0
大文字	6	0
大方	null	1
大木	null	2
大柄	null	1
大根	12	0
大概	49	1
大気	4	3
大水	null	1
大略	29	0
大砲	44	0
大空	7	1
大筋	null	1
大統領	22	3
大胆	59	1
大腸	57	0
大腸菌	59	0
大臣	29	3
大衆	28	1
大規模	27	0
大通り	null	2
大違い	26	0
大部	null	1
大部分	null	3
大量	24	0
大金	null	1
大間違い	28	0
大阪	16	0
大阪弁	18	0
大陸	31	3
大雑把	null	2
大騒ぎ	32	0
大麻	48	0
天	2	0
天井	45	1
天体	null	1
天使	9	0
天候	25	3
天国	6	1
天地	null	1
天才	2	1
天気	4	5
天気予報	20	4
天災	null	1
天然	null	3
天皇	33	2
太い	3	5
太る	3	4
太字	4	0
太平洋	11	0
太陽	12	3
太陽系	30	0
太鼓	57	2
夫	15	4
夫れ夫れ	22	3
夫人	null	3
夫妻	20	2
夫婦	28	3
失う	7	3
失恋	17	2
失態	22	0
失敗	17	4
失望	14	3
失格	null	1
失業	null	3
失礼	7	0
失調	null	1
奇妙	29	3
奇数	29	1
奇襲	43	0
奇跡	37	0
奈良県	38	0
奉る	null	1
奉仕	55	1
奉公	55	0
奉納	55	0
奉行	57	0
奏楽	38	0
契る	null	1
契機	37	1
契約	37	3
奔放	58	0
奔走	58	0
奢る	null	1
奥	38	3
奥さん	38	5
奥底	38	0
奥様	40	0
奥深い	38	0
奨励	null	1
奨学金	49	3
奪う	39	3
奮起	50	0
奮闘	null	1
女	1	5
女の人	3	2
女の子	2	5
女優	25	3
女史	null	1
女子	2	3
女性	14	4
女房	null	2
女権	21	0
女王	2	3
女神	13	0
奴	34	1
奴ら	36	0
奴隷	34	0
好き	11	5
好き好き	null	2
好き嫌い	null	2
好ましい	null	1
好み	null	3
好む	15	3
好奇心	29	0
好意	null	1
好況	null	1
好評	null	1
好調	null	1
如何	null	5
如何して	null	5
如何しても	null	3
如何に	null	1
如何にも	null	1
妃	49	0
妄想	60	0
妊娠	38	1
妊婦	38	0
妙	28	3
妙薬	28	0
妥協	14	1
妥当	null	2
妥結	null	1
妨げる	20	2
妨害	20	1
妬む	null	1
妹	6	5
妻	20	4
妻子	20	0
姉	6	5
姉妹	6	3
始まり	null	3
始まる	12	5
始め	null	5
始める	10	4
始末	null	1
始発	null	1
始終	null	2
姓	null	2
姓名	36	1
委員	21	3
委員会	23	0
委託	38	1
姪	null	2
姫	44	0
姫様	44	0
姿	22	3
姿勢	22	2
威力	null	1
威厳	43	0
威張る	43	2
娘	29	4
娘婿	60	0
娯楽	44	2
婉曲	null	1
婚姻	59	0
婚約	null	3
婦人	28	3
婿	60	1
媒介	58	0
媒体	58	0
媒酌	58	0
嫁	45	3
嫁ぐ	45	0
嫉妬	null	1
嫋か	null	1
嫌	20	5
嫌々	null	1
嫌い	20	5
嫌う	null	3
嫌がる	null	2
嫌に	null	1
嫌らしい	null	1
嫌味	22	0
嫌悪	20	0
嫌悪感	22	0
嫌疑	20	0
嬉しい	null	3
嬢	null	1
子	2	4
子供	24	5
子孫	31	2
子守唄	18	0
子息	null	1
子牛	4	0
子犬	2	0
子猫	15	0
字	4	4
字体	null	1
字典	16	0
字幕	34	0
字引	null	5
存じる	16	2
存ずる	null	2
存在	20	3
存続	null	1
孝行	40	2
季刊	null	1
季節	19	4
孤児	52	1
孤児院	54	0
孤島	52	0
孤独	52	1
孤立	52	1
学	null	3
学ぶ	5	3
学力	null	2
学問	13	3
学士	null	1
学年	5	2
学期	12	3
学校	7	5
学歴	19	1
学生	5	5
学科	null	2
学級	null	2
学習	null	3
学者	8	3
学芸	null	1
学術	null	2
学説	null	1
学部	null	2
学院	10	0
孫	31	3
宅	23	3
宇宙	19	3
宇宙人	21	0
宇宙船	21	0
守る	16	3
守備	null	1
守衛	null	1
安い	6	5
安っぽい	null	1
安値	24	0
安全	6	4
安売り	11	0
安定	null	3
安心	6	4
安易	null	2
安泰	43	0
安静	null	1
完了	14	3
完全	14	3
完成	14	3
完璧	null	1
完結	17	0
宗教	29	3
宗派	29	0
官僚	29	1
官僚的	30	0
官営	22	0
官庁	24	2
官邸	51	0
官金	17	0
宙	19	0
宙返り	null	1
定まる	null	1
定休日	null	2
定価	null	2
定員	null	2
定年	null	1
定期	null	3
定期券	null	2
定款	57	0
定義	21	1
定規	null	2
定量	24	0
定額	24	0
定食	null	1
宛てる	null	1
宛名	null	2
宜しい	38	3
宜しく	40	3
宝	4	3
宝くじ	6	0
宝器	null	1
宝石	4	3
実	9	3
実は	null	3
実る	null	2
実例	null	2
実力	9	2
実在	20	0
実情	null	1
実感	13	2
実態	null	1
実施	null	3
実業家	null	1
実物	null	2
実現	null	3
実用	null	2
実績	null	2
実習	null	2
実行	null	3
実費	null	1
実質	null	1
実践	54	1
実際	21	3
実験	9	3
客	null	4
客室	9	0
客席	null	2
客観	null	1
客間	null	2
宣伝	33	2
宣教	null	1
宣言	33	1
室	6	1
宮	22	0
宮廷	50	0
宮殿	null	1
宰相	56	0
害	null	3
害する	null	1
宴	29	0
宴会	29	2
家	7	5
家主	null	2
家事	9	3
家具	9	3
家内	null	4
家出	null	1
家屋	null	2
家庭	12	5
家庭教師	25	0
家政婦	28	0
家族	12	5
家来	null	1
家畜	48	1
家計	null	1
家賃	33	3
容器	null	2
容易	19	3
容易い	null	1
容疑	19	0
容疑者	21	0
容積	null	2
容赦	58	0
容赦なく	60	0
宿	13	3
宿命	null	1
宿泊	42	3
宿題	13	5
寂しい	56	4
寄せる	null	2
寄りかかる	null	1
寄る	29	4
寄与	29	1
寄付	29	3
寄越す	null	2
密	null	3
密か	32	1
密会	32	0
密告	32	0
密度	null	1
密接	null	1
密猟	52	0
密輸	32	0
密集	null	1
富	31	1
富む	31	1
富士山	31	0
富裕	31	0
富豪	null	1
寒い	12	5
寒帯	null	2
寒気	null	1
寛ぐ	53	0
寛大	53	0
寛容	53	1
寝かせる	null	1
寝る	22	5
寝不足	22	0
寝坊	22	4
寝巻き	null	2
寝床	44	0
察する	null	1
察知	17	0
寡婦	60	0
寡黙	60	0
寧ろ	46	3
審判	21	3
審査	21	1
審議	null	1
寮	46	2
寮生	46	0
寸	44	0
寸前	44	0
寸暇	46	0
寸法	44	2
寺	15	4
寺院	null	2
対	8	3
対して	null	1
対する	null	3
対処	null	1
対向	37	0
対外	8	0
対応	22	1
対抗	null	1
対比	19	1
対決	null	1
対照	null	2
対称	38	0
対立	8	2
対等	18	1
対策	24	2
対話	null	1
対談	9	1
対象	24	3
対辺	null	1
対面	null	1
寿司	35	0
寿命	35	2
封	43	1
封建	null	1
封建主義	43	0
封書	43	0
封筒	43	5
封鎖	52	1
専ら	null	1
専修	null	1
専制	null	2
専攻	28	3
専用	null	1
専門	16	0
射す	null	2
将来	36	4
将棋	39	2
将軍	36	0
尉	null	1
尊い	33	1
尊敬	33	3
尊敬語	35	0
尊重	null	3
尋ねる	31	4
尋問	31	0
導く	23	1
導入	null	1
小	null	3
小さい	2	5
小さな	null	5
小便	null	2
小児科	null	1
小切手	null	1
小包	45	3
小声	7	0
小売	null	1
小学校	9	4
小学生	7	2
小屋	null	3
小指	13	2
小数	null	2
小文字	6	0
小柄	42	1
小皿	4	0
小舟	45	0
小規模	27	0
小説	17	4
小豆	34	0
小遣い	39	2
小銭	null	1
小鳥	null	4
小麦	null	3
小麦粉	33	0
少々	null	3
少し	3	5
少しも	null	3
少ない	3	5
少なくとも	null	2
少佐	47	0
少女	3	3
少尉	56	0
少年	4	3
少数	null	1
尖る	null	2
尚	54	1
尚且つ	56	0
尚更	56	1
尤も	null	3
就く	27	3
就任	null	2
就業	27	1
就職	27	3
尺	47	0
尻	null	3
尻尾	22	2
尼	49	0
尼僧	49	0
尽きる	48	1
尽くす	50	1
尽力	48	0
尾	20	1
尿	55	1
局	8	3
局限	null	1
居る	25	5
居住	null	1
居眠り	29	3
居酒屋	27	0
居間	27	3
屈む	27	0
屈折	null	1
屈辱	48	0
届	null	1
届く	24	3
届ける	26	4
屋	9	0
屋上	11	4
屋外	null	2
屋敷	40	1
屋根	12	3
屑	null	2
展望	null	1
展示	null	1
展示会	24	0
展覧会	null	4
展開	24	2
属	25	0
属する	null	2
屡々	null	3
層	24	0
履く	19	3
履歴	null	1
履歴書	19	0
履物	21	0
屯	null	3
山	1	5
山岳	43	1
山林	null	2
山登り	14	0
山脈	31	1
山腹	null	1
山荘	54	0
山葵	55	0
山賊	57	0
山頂	51	0
屹度	null	4
岐阜	39	0
岐阜県	41	0
岡山県	21	0
岩	15	3
岩石	null	1
岩礁	59	0
岬	23	2
岳	43	0
岸	null	3
峠	59	2
峡谷	57	0
峰	50	1
島	12	4
崇拝	59	1
崇高	59	0
崖	47	1
崩す	37	2
崩れる	39	2
崩壊	37	1
嵌まる	null	1
嵌める	null	2
嵐	44	3
嵩む	null	1
嵩張る	null	1
川	1	5
川崎	23	0
川底	17	0
川柳	47	0
州	6	3
巡る	40	2
巡回	40	0
巡査	40	2
巡礼	40	0
巣	31	3
巣立ち	31	0
工事	9	2
工作	5	1
工員	null	2
工場	8	4
工夫	null	2
工学	5	1
工学者	8	0
工業	10	4
工芸	null	2
左	2	5
左側	17	0
左利き	13	1
左右	2	3
左手	4	0
左様なら	null	2
左翼	44	0
左腕	24	0
左遷	59	0
巧み	null	1
巧妙	50	1
巨人	28	0
巨匠	56	0
巨大	28	3
巫山戯る	null	2
差	null	3
差し上げる	26	4
差し出す	null	1
差し引き	null	2
差し引く	null	1
差し掛かる	null	1
差し支え	null	2
差し支える	null	1
差す	24	5
差別	24	3
差異	null	1
差額	null	1
己	35	0
巻	null	1
巻き寿司	27	0
巻く	25	2
巻尺	47	0
市	3	4
市営	22	0
市場	null	3
市民	null	4
市立	3	0
市街	null	1
布	19	3
布告	null	1
布団	19	4
布地	21	0
布巾	47	1
帆	58	0
帆柱	60	0
帆船	60	0
帆走	58	0
希望	14	3
帝	46	0
帝国	46	0
帝国主義	48	0
帝政	46	0
師匠	56	0
席	17	4
席順	19	0
帯	31	3
帯びる	null	1
帰す	null	2
帰り	null	4
帰る	15	5
帰京	null	1
帰宅	null	3
帰郷	41	0
帳	null	1
帳簿	50	0
常に	17	3
常勤	34	0
常識	17	3
帽子	47	5
幅	36	3
幕	34	3
幕府	34	0
干し	null	1
干し物	null	1
干す	17	2
干天	17	0
干渉	17	1
干潟	42	0
平たい	null	1
平ら	4	3
平仮名	11	2
平凡	56	2
平和	9	3
平均	31	3
平安	6	0
平常	null	1
平方	null	1
平日	4	2
平気	4	2
平穏	46	0
平等	null	3
平衡	57	0
平野	null	2
平静	18	0
年	4	5
年上	6	0
年下	6	0
年中	4	3
年代	null	3
年代順	19	0
年俸	57	0
年内	4	0
年号	null	1
年寄り	null	3
年度	null	2
年月	null	3
年末	7	0
年来	5	0
年次	6	0
年生	null	1
年譜	58	0
年賀状	22	0
年輪	null	1
年配	25	0
年鑑	null	1
年間	null	3
年頃	45	1
年額	24	0
年齢	38	3
幸い	18	3
幸せ	16	3
幸福	16	3
幸運	16	3
幹	23	1
幹線	null	1
幹部	null	1
幻	17	0
幻想	17	0
幻滅	43	0
幻覚	17	0
幼い	28	3
幼児	28	2
幼年時代	28	0
幼稚	28	2
幼稚園	30	2
幽閉	46	0
幽霊	46	1
幾つ	31	5
幾ら	31	5
幾何学	31	0
幾分	null	2
幾多	null	1
幾度	31	0
庁	null	1
庁舎	35	0
広々	null	2
広い	3	5
広がる	33	3
広げる	null	2
広さ	null	2
広まる	null	1
広める	null	2
広告	18	3
広場	null	2
広島	12	0
床	42	3
床の間	null	2
床屋	null	4
序で	null	2
序文	32	0
底	17	3
店	6	5
店員	12	4
店屋	null	2
店舗	53	0
度	9	3
度々	null	3
座る	18	5
座布団	null	2
座席	18	3
座敷	40	2
座標	null	1
座禅	18	0
座談会	null	1
庭	12	5
庶務	54	1
庶民	54	1
庶民的	56	0
廃れる	36	1
廃墟	41	0
廃棄	41	1
廃止	36	1
廃絶	36	0
廉価	60	0
廊下	31	5
延いては	null	1
延べ	null	1
延期	30	3
延長	30	2
建つ	17	2
建てる	15	4
建前	17	1
建物	17	5
建築	15	3
建築家	17	0
建設	21	3
弁	16	0
弁償	37	1
弁当	16	3
弁慶	59	0
弁解	null	1
弁護	null	1
弁護士	23	0
弄る	null	1
弊害	56	0
式	15	3
式場	null	1
弓	18	1
弓矢	20	0
弓道	18	0
弔う	57	0
弔意	57	0
弔辞	57	0
引きずる	null	1
引き上げる	null	1
引き下げる	null	1
引き出し	null	4
引き出す	null	4
引き分け	4	2
引き受ける	null	2
引き止める	null	2
引き算	10	2
引き裂く	45	0
引き起こす	null	1
引き返す	null	2
引く	3	5
引っかかる	null	2
引っかく	null	1
引っ張る	null	3
引っ掛ける	null	1
引っ越し	null	2
引っ越す	34	4
引っ込む	null	2
引力	null	2
引用	null	3
引退	27	3
弛み	null	1
弛む	null	1
弟	5	5
弦	56	0
弦楽	56	0
弦楽器	58	0
弱	null	1
弱々しい	9	0
弱い	7	5
弱まる	null	1
弱める	null	1
弱る	null	1
弱点	7	2
弱虫	9	0
張り切る	null	2
張り紙	null	1
張る	23	5
強い	7	5
強いて	null	1
強いる	null	1
強まる	null	1
強める	null	1
強制	21	1
強力	7	3
強化	null	2
強引	null	2
強気	null	2
強烈	29	1
強盗	30	3
強硬	null	1
強行	null	1
強調	10	3
強請る	null	1
弾く	39	5
弾む	37	1
弾丸	37	0
弾力	37	1
弾劾	60	0
当たり	5	1
当たり前	8	2
当たる	5	3
当て	null	1
当てはまる	null	2
当てはめる	null	2
当てる	8	3
当て字	10	1
当人	null	1
当日	null	2
当時	null	3
当然	13	0
当番	null	2
当選	null	1
形	5	4
形勢	null	1
形容動詞	21	2
形容詞	19	2
形式	null	2
形態	null	1
形成	null	1
彩り	50	0
彩る	48	0
彫る	null	2
彫刻	35	2
影	25	3
影響	25	3
役	8	3
役に立つ	8	4
役人	8	2
役割	23	3
役場	10	1
役所	null	2
役目	8	2
役立つ	null	1
役者	null	2
役職	null	1
彼	35	5
彼の	null	1
彼ら	35	3
彼処	null	5
彼女	37	4
彼方	null	5
彼方此方	null	3
彼此	null	2
彼氏	35	0
往復	26	2
征服	49	1
待たせる	14	0
待ち合わせ	null	1
待ち合わせる	null	2
待ち惚け	14	0
待ち望む	null	1
待ち遠しい	null	1
待つ	12	5
待合	14	0
待合室	16	2
待望	null	1
待機	22	0
待遇	52	1
律動	23	0
律動的	25	0
後	null	5
後で	6	0
後ろ	6	5
後ろ盾	48	0
後回し	null	1
後悔	48	1
後者	null	3
後輩	25	2
徐々	53	3
徐行	53	1
徒歩	null	1
従う	26	3
従って	null	3
従事	null	1
従兄弟	28	3
従姉妹	null	2
従来	26	1
従業	26	0
従業員	null	1
従順	26	0
得	19	0
得る	19	3
得体	21	0
得意	19	3
得点	null	1
御	null	3
御中	null	2
御免	39	2
御免なさい	41	3
御座います	null	1
御札	43	0
復旧	36	1
復活	null	1
復習	26	4
復興	null	1
循環	55	2
循環器	57	0
微か	28	1
微塵	null	1
微妙	28	3
微生物	28	0
微笑	null	1
微笑む	null	3
微量	null	1
徳島県	31	0
徴収	null	1
徹する	null	1
徹夜	41	3
徹底	41	3
心	3	4
心がけ	null	1
心がける	null	1
心中	null	1
心地	null	1
心底	17	0
心強い	null	1
心当たり	null	2
心得	21	1
心得る	23	2
心情	null	1
心持ち	11	0
心理	7	3
心理学	7	0
心細い	null	1
心臓	34	3
心身	8	2
心配	10	3
心配事	12	0
心願	13	0
必ず	7	4
必ずしも	null	3
必修	null	1
必勝	9	0
必死	7	3
必然	null	1
必至	41	0
必要	9	4
必需品	38	2
必須	52	0
必須条件	54	0
忌	59	0
忌まわしい	59	0
忍ぶ	44	0
忍者	44	0
忍耐	48	0
志	32	1
志す	null	1
志向	null	1
志望	32	1
忘れる	18	5
忘れ物	20	4
忘年会	18	0
忙しい	19	5
応じる	22	3
応ずる	null	2
応募	37	1
応対	null	2
応急	null	1
応接	null	2
応援	22	2
応援団	24	0
応用	null	2
応酬	54	0
忠告	33	1
忠実	33	1
忠誠	41	0
快い	30	1
快感	30	0
快晴	null	2
快楽	30	0
快速	30	0
快適	30	3
念	null	1
念願	14	0
忽ち	null	2
怒らせる	29	0
怒り	29	1
怒る	27	4
怒気	29	0
怒鳴る	27	2
怖い	29	4
怖がる	31	0
思いがけない	null	2
思いっきり	null	2
思いつき	null	1
思いつく	null	2
思いやり	41	0
思い出	8	3
思い出す	8	4
思い詰める	31	0
思い込む	null	2
思う	6	4
思わず	10	3
思想	13	3
思慕	60	0
思考	null	1
怠い	56	1
怠ける	54	3
怠け者	56	0
怠る	52	2
怠惰	52	0
怠慢	52	1
急	16	4
急かす	null	1
急ぐ	16	4
急に	16	3
急増	21	0
急患	37	0
急死	16	0
急激	null	3
急行	16	4
急速	null	3
急騰	53	0
性	14	3
性別	null	2
性愛	17	0
性格	14	3
性病	14	0
性能	null	2
性質	null	2
怪しい	26	2
怪事件	26	0
怪我	null	3
怪物	26	0
怪獣	26	1
怪談	26	0
怯える	null	1
恋	17	3
恋しい	null	2
恋する	null	1
恋人	19	3
恋愛	17	1
恐らく	31	3
恐れ	31	1
恐れる	31	3
恐れ入る	null	1
恐ろしい	29	3
恐喝	57	0
恐怖	29	3
恐怖症	29	0
恐竜	44	0
恐縮	null	2
恒久	52	0
恒例	52	0
恒常	52	0
恒星	52	0
恥	35	1
恥じらう	null	1
恥じる	null	1
恥ずかしい	35	4
恥ずかしがる	37	0
恥知らず	37	0
恥辱	48	0
恨み	49	2
恨む	47	2
恩	null	3
恩人	32	0
恩恵	null	2
恩賞	32	0
恩赦	58	0
恭しい	56	0
息	12	3
息子	12	4
恵まれる	null	2
恵み	null	1
恵む	37	1
悉く	null	1
悔しい	48	2
悔やむ	50	2
悟る	49	1
悠々	54	2
悠久	54	0
悠長	54	0
患う	37	0
患者	37	3
悩ましい	null	1
悩ます	null	1
悩み	27	1
悩む	27	3
悪	null	1
悪い	12	5
悪どい	null	1
悪人	12	0
悪例	14	0
悪化	null	1
悪口	14	3
悪因悪果	17	0
悪夢	20	0
悪女	12	0
悪影響	27	0
悪循環	57	0
悪戯	60	3
悪日	null	1
悪気	14	0
悪者	null	1
悪賢い	50	0
悪趣味	45	0
悪霊	45	0
悪魔	46	3
悲しい	19	4
悲しみ	19	0
悲しむ	17	3
悲劇	17	3
悲哀	47	0
悲惨	53	1
悲観	null	1
悲鳴	null	1
情	null	1
情け	13	1
情けない	15	0
情け深い	null	1
情勢	null	1
情報	18	3
情熱	13	1
情緒	null	1
惑う	27	0
惑星	null	1
惚け	58	0
惜しい	57	2
惜しまない	59	0
惜しむ	55	1
惜敗	55	0
惨め	53	2
惨事	53	0
惨敗	53	0
惨状	53	0
惰性	52	0
想像	13	3
想定	13	0
愈	null	2
愉快	55	3
意匠	56	0
意向	null	1
意味	11	5
意図	null	1
意図的	14	0
意地	null	1
意地悪	14	2
意外	11	3
意志	32	3
意思	null	3
意欲	32	1
意気込む	null	1
意義	null	2
意見	11	4
意識	17	3
愚	54	0
愚か	56	1
愚痴	54	1
愛	17	3
愛する	null	3
愛人	17	0
愛国心	17	0
愛媛県	51	0
愛情	17	3
愛想	null	1
愛憎	47	1
愛知県	17	0
感じ	13	3
感じる	13	3
感ずる	null	2
感動	13	3
感嘆符	31	0
感度	null	1
感心	13	3
感情	13	3
感想	13	2
感慨	58	1
感慨深い	60	0
感慨無量	60	0
感染	32	1
感涙	44	0
感激	null	2
感無量	null	1
感覚	17	3
感触	24	1
感謝	13	3
感銘	50	0
慈善	51	0
慈悲	51	0
慈愛	51	0
態々	null	1
態と	22	3
態勢	null	1
態度	22	3
慌ただしい	null	2
慌てる	null	2
慎む	39	1
慎重	39	3
慕う	60	1
慢性	52	0
慣らす	null	1
慣れ	null	1
慣れる	25	4
慣例	null	1
慣用	null	1
慣習	null	1
慣行	null	1
慰める	43	2
慰問	43	0
慰安	43	0
慰謝	43	0
慰謝料	43	0
慶事	59	0
慶弔	59	0
慶祝	59	0
憂い	57	0
憂える	55	0
憂き目	59	0
憂国	55	0
憂慮	55	0
憂鬱	55	1
憎い	49	2
憎しみ	49	1
憎む	47	2
憎らしい	49	2
憤り	58	0
憤慨	58	1
憧れ	59	1
憧れる	59	2
憩い	49	0
憩う	47	0
憲政	28	0
憲法	28	3
憶測	48	0
懇意	43	0
懇親	43	0
懇話	43	0
懇談	43	0
懐かしい	30	2
懐く	null	1
懲りる	43	1
懲罰	43	0
懸命	38	0
懸賞	null	1
成り立つ	null	1
成る	11	5
成るべく	null	4
成る丈	null	1
成人	null	3
成分	null	2
成功	11	3
成年	null	1
成果	null	1
成熟	33	1
成立	null	2
成績	32	3
成長	null	3
我	26	0
我々	28	3
我が儘	null	3
我慢	52	3
我輩	46	0
戒める	40	0
戒告	40	0
或いは	null	3
或る	null	3
戦	null	1
戦い	11	3
戦う	13	3
戦争	11	4
戦力	null	1
戦場	11	0
戦没	52	0
戦災	null	1
戦禍	59	0
戦術	null	1
戦車	11	0
戦闘	37	1
戯れ	60	0
戯れる	58	0
戯曲	58	1
戸	3	5
戸口	3	0
戸棚	44	2
戸籍	43	1
戸締まり	null	1
戻す	37	3
戻り道	39	0
戻る	37	4
房	38	0
所	8	5
所々	null	2
所が	null	3
所で	null	3
所在	null	1
所定	null	1
所属	25	1
所得	null	1
所持	null	1
所為	null	3
所謂	null	3
所載	24	0
所轄	56	0
扇	49	0
扇ぐ	47	2
扇子	47	2
扇風機	47	2
扉	47	1
手	2	5
手がかり	27	1
手がける	null	1
手ごろ	45	2
手ぬぐい	null	2
手のひら	47	1
手の甲	41	0
手はず	null	1
手伝い	null	3
手伝う	13	4
手作り	7	0
手元	null	1
手入れ	null	2
手分け	null	1
手前	null	2
手品	null	3
手回し	null	1
手堅い	44	0
手帳	48	2
手引き	null	1
手当	null	1
手数	null	1
手本	null	1
手段	null	3
手法	null	1
手洗い	20	2
手渡す	27	0
手紙	7	5
手続き	21	2
手芸	null	1
手荷物	18	0
手術	null	3
手袋	44	4
手軽	null	1
手近	null	1
手遅れ	null	1
手配	null	1
手錠	58	1
手間	null	3
手際	null	1
手順	null	1
手首	6	2
才能	14	3
打	null	1
打ち切る	null	1
打ち合わせ	null	2
打ち合わせる	null	1
打ち消し	null	1
打ち消す	null	2
打ち込む	null	1
打つ	4	4
打つかる	null	2
打付ける	null	2
打撃	null	1
打開	null	1
払い	37	0
払い戻す	39	2
払い込む	null	2
払う	35	4
扱い	40	1
扱う	38	3
扶助	58	0
扶養	58	1
批准	53	0
批判	21	3
批評	null	3
承る	34	2
承知	34	3
承認	34	3
承諾	36	1
技	14	1
技師	null	3
技能	14	1
技術	16	4
把	50	0
把握	50	1
抑制	38	1
抑圧	38	1
抑止	38	0
抓る	null	1
投げつける	10	0
投げる	8	4
投げ出す	null	1
投げ捨てる	34	0
投入	null	1
投手	8	0
投書	null	2
投棄	41	0
投票	25	3
投稿	53	0
投資	21	1
抗争	null	1
抗体	37	0
抗戦	37	0
抗議	null	1
折り目	16	0
折り紙	16	0
折り返す	null	1
折る	14	4
折れる	16	4
折衷	null	1
折角	14	2
抜かす	null	1
抜き出す	27	0
抜く	25	3
抜ける	27	3
抜け出す	null	1
披露	53	0
披露宴	55	0
抱える	null	3
抱く	37	3
抱擁	52	0
抵抗	37	3
抹殺	55	0
抹消	55	0
抹茶	55	0
押さえる	null	2
押し	30	0
押しボタン	32	0
押し入れ	32	4
押し寄せる	null	1
押し込む	null	1
押す	30	5
抽出	49	0
抽象	49	2
抽選	49	1
担う	26	1
担ぐ	24	2
担当	24	3
担架	46	1
拍	56	0
拍子	58	0
拍手	56	3
拒む	39	0
拒否	39	1
拒絶	null	1
拗れる	null	1
拘る	null	1
拘束	null	1
拘置	49	0
招き	null	1
招き猫	29	0
招く	27	3
招待	27	3
拝む	34	2
拝借	null	1
拝啓	null	1
拝見	34	4
拠点	41	0
拡充	null	2
拡大	33	3
拡張	33	2
拡散	null	1
括る	42	0
括弧	42	2
拭く	null	2
拳	41	0
拳銃	41	0
拳骨	41	0
拵える	null	2
拷問	60	0
拾う	11	4
持ち上げる	null	3
持ち切り	null	1
持つ	9	5
持てる	null	1
持て成す	null	1
持参	null	2
持続	null	1
指	11	4
指す	11	3
指令	null	1
指先	13	0
指図	null	1
指圧	20	0
指定	11	2
指導	23	3
指差す	24	1
指揮	34	1
指揮者	36	0
指摘	36	1
指示	22	1
指紋	54	0
指輪	15	4
挑む	42	1
挑戦	42	1
挑戦者	44	0
挑発	42	0
挟まる	53	2
挟む	51	2
振り	null	1
振り仮名	28	2
振り出し	null	1
振る	26	3
振る舞う	null	2
振動	26	1
振興	null	1
挿す	null	2
挿入	47	0
挿絵	47	0
挿話	47	0
捉える	27	2
捕まえる	null	4
捕まる	25	3
捕る	null	2
捕吏	null	1
捕獲	40	1
捕虜	55	1
捕鯨	54	1
捗る	null	1
捜査	25	1
捜索	29	1
捧げる	null	1
捨てる	32	4
捩る	null	2
捩れる	null	1
据える	53	1
据え付ける	55	1
捲る	null	1
捻る	null	2
掃く	31	2
掃除	31	5
掃除機	33	0
授ける	null	1
授業	26	5
掌握	47	0
掏摸	null	4
排他	40	0
排出	40	0
排気	40	0
排水	40	1
排水溝	45	0
排除	40	1
掘る	42	2
掛かる	27	5
掛け	null	1
掛ける	25	5
掛け算	25	2
掛け軸	42	0
掠る	null	1
採る	32	2
採択	null	1
採掘	null	1
採決	32	1
採点	null	2
採用	32	1
採算	32	1
採集	null	1
探す	25	4
探る	null	2
探偵	31	0
探検	null	1
探究	31	0
接ぐ	null	1
接する	null	2
接続	null	2
接続詞	null	1
接触	null	1
接近	null	2
控え	39	0
控える	41	1
控え室	null	1
控除	null	1
推奨	49	0
推定	34	2
推測	35	1
推理	34	1
推薦	34	3
推進	null	1
措置	41	1
措辞	41	0
掬う	null	1
掲げる	37	1
掲示	37	3
掲示板	39	0
掲載	37	1
掴む	null	3
掻く	null	2
揃い	null	1
揃う	null	2
揃える	null	2
揉む	null	2
揉める	null	1
描く	38	3
描写	38	1
描画	38	0
提供	24	1
提出	22	3
提携	null	1
提案	22	3
提示	null	1
揚げ出し	46	0
換える	6	3
換気	36	2
換算	null	1
握り	44	0
握る	42	3
握力	42	0
握手	42	3
援助	22	3
揶揄う	null	2
揺さぶる	44	1
揺らぐ	46	1
揺る	42	0
揺れる	44	4
損	34	3
損なう	34	1
損失	null	1
損害	34	3
損得	null	2
搬出	50	0
搬送	50	0
搭乗	53	0
搭載	53	0
携わる	40	1
携帯	40	1
携帯ストラップ	44	0
携帯電話	42	0
搾乳	56	0
搾取	56	0
摂取	56	0
摂氏	56	0
摂理	56	0
摘む	36	1
摘発	36	0
摩擦	43	2
撃つ	28	3
撃墜	47	0
撒く	null	2
撤兵	41	0
撤去	41	0
撤回	41	0
撫でる	null	2
撮る	30	5
撮影	30	2
撲滅	43	0
擁立	52	0
擁護	52	0
操	33	0
操る	33	1
操作	33	3
操縦	null	1
擦る	null	2
擦れる	43	1
擽ったい	null	1
支える	8	3
支出	null	3
支局	8	0
支店	8	3
支度	11	3
支払い	37	3
支払う	null	3
支持	null	1
支援	22	0
支給	null	3
支配	null	3
改まる	19	1
改めて	null	2
改める	null	2
改修	null	1
改善	19	3
改定	null	1
改悪	null	1
改札	null	2
改正	19	2
改良	null	1
改訂	null	1
改訂版	50	0
改造	26	2
改革	null	1
攻め	null	1
攻める	28	2
攻め手	null	2
攻撃	28	3
放す	11	3
放つ	15	0
放り出す	null	1
放り込む	null	1
放る	null	2
放れる	13	2
放出	null	1
放射	34	1
放射能	36	1
放棄	41	1
放浪	59	0
放置	null	1
放送	11	3
放題	13	0
政党	32	2
政府	16	3
政権	null	1
政治	16	4
政策	22	1
故	26	1
故に	28	0
故人	null	1
故意	26	0
故郷	41	3
故障	26	4
敏感	40	1
救う	31	3
救助	null	3
救急車	31	0
救援	null	1
救済	null	1
敗れる	17	0
敗戦	null	1
敗者	17	0
教え	9	1
教える	7	5
教わる	null	2
教会	null	4
教員	null	1
教室	7	5
教師	23	3
教授	26	3
教材	null	1
教科	null	1
教科書	16	3
教習	null	1
教職	null	1
教育	11	4
教訓	18	1
教諭	53	0
教養	null	2
敢えて	57	1
敢然	57	0
敢行	57	0
敢闘	57	0
散らかす	33	2
散らかる	null	2
散らし	33	0
散らす	null	2
散る	31	2
散歩	31	5
敬う	null	2
敬具	null	1
敬意	null	3
敬語	33	2
数	8	3
数える	8	3
数字	8	3
数学	8	4
数年	8	0
数珠	49	0
数詞	19	1
整う	null	2
整える	15	1
整備	null	2
整列	null	1
整数	null	2
整然	13	1
整理	13	3
敵	21	3
敷く	40	2
敷地	null	2
敷金	40	0
文	2	3
文体	null	2
文化	6	4
文化祭	14	0
文化財	null	1
文句	18	3
文字	4	3
文字通り	11	0
文学	5	4
文房具	null	2
文明	null	3
文書	null	1
文法	15	4
文献	null	2
文章	12	5
文脈	null	2
文芸	null	2
文語	null	1
斎場	42	0
斑	null	1
斗	44	0
料	null	1
料理	14	5
料理人	16	0
料金	13	3
斜	null	2
斜め	48	2
斜体	48	0
斜面	48	1
斬る	46	2
斬新	46	0
斬殺	46	0
断つ	23	1
断る	21	3
断定	null	2
断水	null	2
断然	null	1
断言	null	1
断面	null	1
斯う	null	4
斯うして	null	2
新	null	1
新しい	9	5
新た	11	3
新人	null	1
新入生	null	1
新品	16	0
新婚	null	1
新婚旅行	30	0
新年	9	0
新幹線	23	2
新築	15	1
新聞	10	5
新聞社	null	4
新興	null	1
新芽	46	0
新鋭	40	0
新陳代謝	54	0
新鮮	25	3
方	3	5
方々	null	3
方向	6	3
方向音痴	56	0
方式	null	1
方法	15	3
方程式	null	2
方策	null	1
方角	null	2
方言	6	2
方針	null	2
方面	null	2
於て	null	1
施す	null	1
施行	23	1
施設	23	1
旅	12	3
旅券	28	1
旅客	null	1
旅行	12	5
旅行者	14	0
旅館	13	4
旋回	57	0
旋律	57	0
旋風	57	0
旗	30	3
既に	31	3
既婚	null	1
既存	31	0
既決	31	0
日	2	4
日々	null	1
日ごろ	null	1
日の丸	null	1
日の入り	null	2
日中	null	3
日付	null	3
日光	5	3
日光浴	16	0
日刊	38	0
日取り	null	1
日向	null	1
日夜	null	1
日差し	null	2
日帰り	null	2
日常	17	3
日当	null	1
日当たり	null	2
日日	null	2
日時	null	2
日曜	null	3
日曜日	18	5
日本	2	3
日本的	14	0
日本製	24	0
日本語	10	0
日欧	29	0
日没	52	0
日焼け	18	1
日用品	null	2
日程	28	2
日系	30	0
日記	7	4
日課	null	2
日陰	null	2
日韓	29	0
旦那	55	1
旧	null	3
旧事	null	1
旧姓	36	0
旧暦	45	0
旧知	null	1
旨	43	0
早々	4	0
早い	4	5
早く	6	0
早乙女	59	0
早口	6	2
早急	null	1
早瀬	41	0
早退	27	0
早速	10	2
旬	37	0
昆布	19	0
昆虫	null	1
昇給	27	0
昇進	27	1
明々後日	null	2
明かす	null	1
明かり	48	3
明くる	null	1
明け方	null	2
明らか	null	3
明るい	6	5
明後日	null	5
明日	8	5
明朗	43	1
明治	16	0
明治維新	38	0
明白	null	1
明瞭	47	1
明確	null	3
易い	null	1
易しい	19	5
昔	11	4
昔話	11	0
星	6	4
星占い	28	0
星座	null	1
映える	null	1
映す	15	2
映る	13	2
映像	13	1
映写	null	1
映画	13	5
映画館	15	5
春	15	5
春休み	15	0
春巻き	27	0
昨今	15	0
昨年	15	0
昨日	15	5
昭和	37	0
是正	null	1
是非	17	3
是非とも	null	2
昼	15	5
昼ご飯	17	5
昼休み	15	4
昼寝	22	2
昼間	null	4
昼食	null	3
昼飯	null	1
時	7	3
時々	11	5
時代	7	4
時候	25	0
時刻	null	3
時刻表	34	1
時差	24	1
時折	null	1
時期	12	3
時期尚早	54	0
時計	15	5
時速	null	2
時間	8	5
時間割	null	2
時限	25	0
晩	15	5
晩御飯	17	5
晩酌	58	0
普及	36	2
普段	31	3
普通	31	4
普遍	57	1
普遍的	59	0
景気	null	3
景況	25	0
景色	25	4
景観	25	0
晴れ	15	5
晴れる	15	5
晴天	null	1
暁	58	0
暇	27	5
暑い	12	5
暖かい	12	5
暖房	38	4
暖炉	43	0
暗い	13	5
暗殺	13	1
暗礁	59	0
暗示	null	1
暗算	null	1
暗記	13	3
暗闇	48	0
暦	45	1
暫く	42	4
暫定	42	0
暮らし	35	3
暮らす	33	3
暮れ	null	3
暮れる	35	4
暴れる	19	2
暴力	19	1
暴力団	21	0
暴動	null	1
暴虐	53	0
暴走	19	0
暴走族	21	0
暴露	43	1
暴風	null	1
暴騰	53	0
曇り	45	5
曇る	45	5
曖昧	null	2
曙	53	0
曜日	16	3
曲	6	1
曲がる	8	5
曲げる	8	2
曲線	10	2
更ける	null	2
更に	30	3
更新	30	0
更生	30	0
更衣室	41	0
更迭	58	0
書き入れる	18	0
書き取り	null	2
書き取る	null	1
書き方	18	0
書き直す	18	0
書き込む	34	0
書く	16	5
書店	null	2
書斎	42	3
書架	46	0
書物	null	3
書留	null	2
書籍	null	2
書評	21	1
書道	null	2
書類	18	3
替わる	4	2
最も	10	3
最中	null	3
最低	11	3
最優遇	54	0
最初	11	4
最善	null	1
最後	10	4
最後尾	20	0
最悪	12	0
最新鋭	42	0
最早	null	1
最深	12	0
最終	10	3
最近	10	4
最高	10	3
月	2	3
月並み	null	1
月光	5	0
月刊	38	0
月日	null	2
月曜	null	3
月曜日	18	5
月末	7	2
月給	null	2
月見	4	0
月謝	null	1
月賦	null	1
月額	24	0
有する	null	1
有らゆる	null	3
有りのまま	null	1
有り難う	22	3
有る	6	5
有利	null	3
有効	null	3
有名	6	5
有意	35	0
有料	null	2
有望	null	1
有様	null	1
有機	null	1
有毒	15	0
有無	null	2
有益	28	1
有罪	20	0
有職	23	0
有能	null	3
有難い	null	2
服	9	5
服装	33	3
服飾	30	0
朗らか	43	2
朗報	43	0
朗読	null	1
望ましい	null	1
望み	14	3
望む	14	3
望遠鏡	null	2
朝	8	5
朝ご飯	8	5
朝刊	38	0
朝寝坊	24	1
朝日	8	0
朝霧	47	0
期	null	1
期待	12	3
期日	null	1
期末	null	1
期間	12	3
期限	25	2
木	2	5
木曜	null	3
木曜日	18	5
木材	14	2
木綿	46	4
木製	24	0
未	null	1
未だ	7	5
未婚	30	1
未定	null	1
未来	7	3
未決	8	0
未満	null	2
未熟	33	1
未知	null	1
未練	null	1
未遂	48	0
未開	null	1
末	7	3
末っ子	null	2
末期	null	1
本	2	5
本の	null	1
本人	null	3
本体	null	1
本名	null	1
本場	null	1
本塁打	39	0
本屋	9	0
本州	6	0
本当	5	5
本当に	7	0
本文	null	1
本来	5	2
本格	null	1
本棚	44	5
本気	4	1
本流	12	0
本物	11	3
本社	5	0
本能	14	1
本舗	53	0
本質	24	1
本部	null	2
本音	null	1
本館	13	1
札	7	3
朱	44	0
朱印	44	0
机	32	5
朽ちる	58	1
杉	35	2
杏	54	0
材料	14	3
材木	14	2
村	4	5
村人	4	0
杖	null	1
束	14	3
束縛	56	1
条件	21	3
条約	21	1
来	null	3
来る	5	5
来場	null	1
来年	5	5
来日	null	2
来月	5	5
来賓	55	0
来週	7	5
杯	null	1
東	6	5
東亜	59	0
東京	6	0
東京都	12	0
東側	17	0
東北	6	0
東口	8	0
東方	6	0
東洋	null	2
東芝	42	0
東西	null	2
松	14	3
松葉	14	0
板	29	3
枕	30	2
林	5	4
林業	null	1
枚	18	1
枚数	18	2
果たして	19	2
果たす	null	1
果て	null	1
果てる	17	1
果実	null	2
果敢	57	0
果樹	41	0
果汁	35	0
果物	17	5
果糖	33	0
枝	34	4
枝豆	36	0
枠	39	1
枠組み	39	0
枢軸	42	0
枯らす	53	0
枯れる	51	2
枯れ木	53	0
枯渇	51	0
架空	null	2
架設	46	0
柄	42	3
某	60	0
染まる	34	1
染み	34	0
染みる	null	1
染める	32	1
柔らかい	43	4
柔和	43	0
柔軟	51	1
柔道	43	4
柱	40	1
柳	47	0
柴	56	0
柴犬	56	0
柵	null	1
栃木県	55	0
栄える	17	1
栄光	17	0
栄誉	40	0
栄養	null	3
栓	55	2
栓抜き	55	0
栞	54	0
校	null	1
校庭	null	2
校舎	null	2
校長	null	4
校閲	57	0
株	24	3
株式	24	1
株式市場	26	0
核	36	1
核兵器	36	0
核分裂	45	0
核実験	36	0
根	12	3
根元	12	1
根回し	null	1
根底	null	1
根拠	41	1
根気	12	1
格	null	1
格別	null	2
格好	14	3
格差	null	1
栽培	54	1
桁	null	2
桃	44	0
桃色	44	0
案	null	3
案じる	null	1
案の定	null	1
案内	22	3
案外	22	2
桐	null	1
桑	49	0
桑原	49	0
桑畑	49	0
桜	32	3
桜んぼ	32	0
桜肉	32	0
桜色	32	0
桟橋	60	1
梅	17	3
梅干し	19	1
梅酒	17	0
梅雨	null	3
梢	null	1
梨	44	0
梯子	null	2
棄権	null	1
棋士	39	0
棋譜	58	0
棋院	39	0
棒	31	3
棚	44	4
棟	null	1
森	8	4
森林	null	2
椀	null	2
椅子	46	5
植える	12	4
植わる	null	1
植木	null	2
植樹	41	0
植民地	null	1
植物	12	3
検問	21	0
検査	21	3
検疫	50	0
検索	29	0
検討	26	3
検閲	57	0
楓	57	0
楓糖	57	0
楕円	null	2
業	null	1
業務	null	1
業績	null	1
業者	null	1
極	null	3
極めて	29	1
極める	27	0
極楽	27	1
極端	27	1
楽	8	3
楽しい	8	5
楽しみ	10	4
楽しむ	10	4
楽勝	9	0
楽器	13	2
楽天主義	23	0
楽譜	58	1
概念	49	1
概略	null	1
概算	49	0
概要	49	0
概説	null	1
概論	null	2
構う	25	3
構え	27	1
構える	29	1
構想	null	1
構成	25	3
構造	26	2
様	13	3
様々	13	3
様子	null	3
様式	null	1
様相	null	1
標本	null	2
標準	null	2
標語	null	1
標識	null	2
模倣	null	1
模型	25	1
模擬	59	0
模様	25	3
模範	42	1
模索	null	1
権	null	1
権利	21	3
権力	null	1
権威	43	1
権限	null	1
横	10	5
横切る	null	3
横断	null	3
横浜	28	0
横綱	42	1
樹木	null	1
樹皮	41	0
樹立	null	1
樹脂	51	0
橋	13	5
橋渡し	null	1
機	20	1
機会	22	4
機嫌	20	3
機敏	40	0
機械	20	3
機構	null	1
機能	null	3
機関	null	3
機関車	null	2
檻	null	1
櫛	null	2
欄	54	2
欄外	54	0
欄干	54	0
欠かす	9	0
欠く	null	1
欠ける	7	3
欠乏	30	1
欠伸	38	2
欠如	47	0
欠席	17	3
欠点	7	3
欠陥	52	3
次	6	5
次々	8	3
次いで	null	1
次ぐ	null	2
次回	6	0
次第	null	3
欧米	29	2
欧羅巴	null	3
欲しい	32	5
欲張り	null	2
欲望	null	1
欲求	32	0
欲深い	null	1
欺く	47	1
歌	10	5
歌う	12	5
歌劇	17	0
歌唱	40	0
歌手	10	3
歌留多	null	2
歌舞伎	36	0
歌詞	19	0
歌謡	54	2
歌謡曲	56	0
歓声	null	1
歓楽街	34	0
歓迎	34	3
止す	null	3
止まる	3	5
止む	null	4
止める	3	4
正	null	3
正しい	2	4
正しく	null	1
正に	null	3
正午	null	3
正味	null	2
正常	null	1
正座	18	0
正式	null	3
正当	null	1
正方形	null	2
正直	6	3
正確	20	3
正義	21	1
正規	null	1
正解	21	1
正門	null	2
正面	null	2
此の	null	5
此れ	55	5
此れから	null	4
此処	null	5
此方	null	5
此間	null	2
武力	null	1
武器	24	3
武士	24	2
武装	33	1
武道	24	0
歩	null	1
歩く	6	5
歩み	null	1
歩道	8	3
歪む	null	1
歯	12	5
歯を磨く	47	0
歯医者	12	4
歯磨き	null	2
歯科	null	1
歯車	null	2
歳	2	0
歳入	46	0
歳暮	46	0
歳月	46	0
歴史	19	4
死	6	1
死ぬ	6	5
死亡	6	3
死体	6	2
死刑	37	1
死刑囚	60	0
殆ど	null	4
殉職	60	0
殊に	54	1
殊勝	52	0
殊勲	54	0
残す	16	3
残らず	null	2
残り	14	3
残る	14	4
残余	20	0
残品	16	0
残念	14	4
残業	14	0
残虐	53	0
残酷	54	1
残金	null	1
残額	24	0
残高	null	1
殴り合い	50	0
殴り込み	50	0
殴る	48	2
殴打	48	0
段	null	3
段々	27	5
段階	27	2
殺す	13	3
殺人	13	1
殺人者	15	0
殺菌	45	0
殻	58	2
殿	40	1
殿堂	40	0
殿様	40	1
母	3	0
母校	null	1
母親	12	3
毎	null	1
毎回	5	0
毎年	5	5
毎度	9	2
毎日	5	5
毎晩	15	5
毎月	5	5
毎朝	8	5
毎週	null	5
毒	15	3
毒ガス	15	0
比べる	19	4
比例	19	1
比率	20	1
比較	26	3
比較的	28	2
比重	null	1
毛	3	4
毛布	19	3
毛皮	null	2
毛糸	5	2
毛虫	5	0
毟る	null	1
氏	7	3
氏名	7	2
民俗	49	1
民宿	null	1
民族	12	1
民謡	54	2
気	4	4
気づく	11	3
気に入る	4	3
気の毒	null	3
気まぐれ	null	1
気をつける	null	2
気を付けて	9	0
気体	null	2
気候	25	3
気兼ね	null	1
気分	4	4
気味	null	3
気品	null	1
気圧	null	2
気持ち	11	4
気持ち悪い	14	0
気持ち良い	11	0
気楽	null	1
気概	49	0
気泡	46	0
気流	null	1
気温	12	3
気立て	null	1
気触れる	null	1
気象	24	1
気象庁	26	0
気質	null	1
気軽	null	1
気違い	26	0
気配	null	2
気障	null	1
気風	null	1
水	2	5
水中	2	0
水仙	39	0
水兵	17	0
水分	null	2
水害	20	0
水平	null	2
水平線	null	2
水彩画	48	0
水星	6	0
水晶	50	0
水曜	null	2
水曜日	18	5
水槽	57	0
水気	null	1
水泡	46	0
水泳	null	4
水洗	null	1
水深	12	0
水源	null	1
水準	null	3
水溶性	48	0
水滴	47	2
水産	null	2
水田	null	1
水着	14	0
水筒	null	2
水素	null	2
水色	5	0
水蒸気	null	2
水道	8	4
水銀	13	0
氷	4	3
氷河	26	0
永久	32	3
永遠	32	3
氾濫	null	1
汁	35	2
汁物	37	0
求める	10	3
求人	10	0
求婚	30	0
求職	23	0
汗	26	3
汗臭い	26	0
汚い	36	5
汚す	34	2
汚らわしい	null	1
汚れ	null	1
汚れる	32	4
汚染	32	3
汚水	32	0
汚濁	58	0
汚点	32	0
江戸	29	0
池	8	5
汲む	null	2
決	8	0
決して	null	4
決まり	null	3
決まる	10	4
決める	8	4
決勝	null	1
決定	9	3
決心	8	3
決意	null	1
決断	null	1
決算	null	1
決行	null	1
決裂	43	0
決議	null	1
汽笛	19	0
汽船	18	1
汽車	18	4
沁み沁み	null	2
沈む	43	3
沈める	43	1
沈没	52	1
沈滞	43	0
沈澱	null	1
沈黙	46	1
沖	null	3
沖合	36	0
沖縄	38	0
沖縄県	40	0
没	52	0
没収	52	1
没後	52	0
没落	52	1
没頭	52	0
沢	23	0
沢山	23	5
河川	null	1
河童	26	0
河豚	26	0
沸かす	53	4
沸く	51	4
沸点	51	0
沸騰	53	1
油	35	3
油彩	48	0
油断	35	2
油田	35	0
油絵	37	1
治す	6	4
治まる	null	1
治める	null	2
治る	6	4
治安	16	1
治療	36	1
治癒	55	0
沼	43	1
沼地	43	0
沼沢	43	0
沿い	null	1
沿う	34	1
沿岸	34	1
沿海	34	0
沿線	34	1
況して	null	1
泉	12	3
泊	null	1
泊まり	44	0
泊まる	42	4
泊める	44	2
泌尿器	60	0
法	null	3
法則	23	2
法学	null	1
法廷	50	1
法律	23	4
法曹	59	0
法案	null	1
法規	24	0
泡	46	3
波	11	3
波紋	54	0
泣き声	17	0
泣き虫	17	0
泣く	15	4
泥	31	3
泥棒	33	4
泥水	31	0
泥沼	43	0
泥酔	35	0
注	null	3
注ぐ	11	3
注す	null	2
注射	34	4
注意	11	4
注文	11	3
注目	null	3
注釈	51	0
泳ぎ	9	3
泳ぎ方	null	4
泳ぐ	9	5
洋品店	null	2
洋室	11	0
洋服	11	5
洋杯	null	5
洋灯	null	1
洋風	11	1
洋食	11	0
洒落	null	2
洒落る	null	1
洗う	18	5
洗剤	40	2
洗浄	53	0
洗浄剤	55	0
洗濯	51	5
洗濯屋	51	0
洗濯機	51	0
洗濯粉	51	0
洗練	18	0
洗脳	18	0
洗車	18	0
洞	50	0
洞穴	50	0
津波	36	1
洪水	56	1
活力	null	2
活動	12	3
活字	null	2
活気	6	3
活用	6	3
活用形	7	0
活発	null	1
活躍	39	2
派	null	1
派手	21	2
派遣	37	1
流	null	1
流す	12	3
流れ	null	3
流れる	14	3
流域	null	2
流浪	59	0
流行	12	3
流行る	null	2
流行歌	14	0
流行語	14	0
流通	null	1
浄化	53	0
浄土	53	0
浄水	53	0
浅い	15	4
浅ましい	null	1
浜	28	1
浜辺	28	1
浦	51	0
浪人	59	0
浪費	59	1
浮かぶ	null	2
浮かべる	null	2
浮かれる	32	0
浮く	30	2
浮世絵	30	0
浮力	null	1
浮気	30	1
浮浪者	59	0
浴びる	16	5
浴室	null	1
浴槽	57	0
浴衣	43	2
海	6	5
海がめ	35	0
海外	6	3
海岸	11	4
海峡	57	1
海抜	null	1
海水浴	null	2
海洋	null	2
海流	null	1
海溝	45	0
海王星	6	0
海藻	60	0
海賊	57	0
海路	null	1
海軍	15	0
海運	null	1
浸かる	59	0
浸す	51	1
浸る	49	0
浸水	49	0
浸透	49	0
消える	14	5
消しゴム	14	4
消す	12	5
消化	12	2
消化不良	14	0
消去	null	1
消息	null	1
消極的	null	2
消毒	null	2
消耗	null	2
消費	22	3
消防	null	3
消防署	null	2
涙	44	3
液	null	1
液体	32	2
液晶	50	0
涸れる	null	1
涼しい	46	5
涼む	48	2
涼風	46	0
淀川	50	0
淑やか	58	0
淑女	58	0
淡い	49	0
淡水	49	2
深い	12	4
深さ	14	0
深まる	null	2
深める	null	1
深刻	34	3
深夜	12	2
混ざる	19	2
混じる	8	2
混ぜる	5	2
混乱	19	3
混凝土	null	2
混合	null	2
混同	null	1
混血	19	1
混雑	null	3
添う	null	1
添える	29	1
添付	29	0
清い	28	2
清らか	null	1
清掃	null	2
清書	null	2
清浄	53	0
清涼	46	0
清潔	28	3
清濁	null	1
清算	null	1
清純	null	1
渇く	30	2
済ます	23	1
済ませる	null	3
済まない	null	2
済みません	null	3
済む	21	4
渋々	41	0
渋い	39	1
渋滞	39	3
渓流	60	0
渓谷	60	0
減らす	21	3
減る	19	3
減俸	57	0
減少	null	1
減法	19	0
減点	null	1
減給	27	0
渡す	25	5
渡り鳥	null	1
渡る	25	5
渦	51	1
渦中	51	0
渦巻き	53	0
温い	null	5
温まる	null	2
温める	14	2
温和	null	1
温室	null	2
温帯	null	2
温床	42	0
温度	12	3
温暖	32	3
温泉	12	2
測定	null	2
測量	null	2
港	12	4
湖	35	4
湖畔	60	0
湧く	60	2
湯	12	4
湯のみ	null	2
湯気	12	2
湯豆腐	38	0
湾	37	3
湿らせる	47	0
湿る	45	2
湿地	45	0
湿度	null	2
湿気	45	2
湿気る	null	1
満たす	null	1
満ちる	null	3
満員	25	2
満場	null	1
満月	25	1
満潮	43	0
満点	25	2
満足	25	3
源	34	1
源氏	34	0
源氏物語	36	0
準じる	null	1
準ずる	null	1
準備	23	3
準急	null	1
溜まり	null	1
溜まる	null	2
溜める	null	2
溝	45	1
溢れる	null	2
溶かす	48	2
溶く	null	2
溶ける	50	2
溶け込む	null	2
溶岩	48	2
溶液	null	1
溺れる	null	3
滅びる	45	1
滅ぼす	43	1
滅亡	43	1
滅多に	null	3
滋養	43	0
滑らか	null	1
滑らす	null	2
滑り台	44	0
滑る	42	4
滑稽	null	1
滝	45	2
滝川	45	0
滞る	35	1
滞在	null	3
滞納	null	1
滲む	null	1
滴	null	1
滴る	47	0
漁師	37	2
漁村	null	1
漁業	37	2
漁船	37	1
漂う	50	1
漂流	50	0
漂着	50	0
漆器	59	0
漆黒	59	0
漏らす	32	1
漏る	null	1
漏れる	30	1
漏出	30	0
漏水	30	0
演じる	null	1
演ずる	23	1
演出	null	1
演劇	null	2
演奏	38	3
演技	23	3
演習	null	1
演芸	23	0
演説	null	3
漕ぐ	null	1
漠然	33	1
漢字	10	5
漢語	null	1
漫才	50	0
漫画	50	4
漬け	59	0
漬ける	57	4
漬物	59	0
漸く	60	2
漸と	null	4
潔い	28	0
潜む	41	0
潜る	43	2
潜伏	55	0
潜入	null	1
潜在意識	41	0
潜水	41	1
潜水艦	41	0
潟	42	0
潤い	51	0
潤う	49	1
潮	43	1
潮時	45	0
潮流	43	0
潰す	null	2
潰れる	null	2
澄ます	47	1
澄む	45	2
激しい	26	3
激励	26	1
激増	null	2
濁す	58	0
濁る	60	2
濁流	58	0
濃い	27	3
濃度	27	2
濃紺	57	0
濡らす	null	2
濡れる	null	4
濯ぐ	null	1
瀬	41	0
瀬戸	41	0
瀬戸物	null	2
火	2	4
火事	9	4
火傷	32	2
火口	null	2
火山	2	2
火星	null	1
火曜	null	3
火曜日	18	5
火災	20	3
火炎瓶	51	0
火照る	32	0
火花	null	1
火葬	37	0
火鉢	48	0
灯	null	3
灯る	50	0
灯台	null	2
灯油	null	2
灰	33	3
灰皿	33	5
灰色	33	2
災い	20	0
災害	20	1
災難	20	2
炉心	43	0
炊く	47	2
炊事	47	2
炊飯器	47	0
炎	35	3
炎症	35	0
炒める	null	1
炒る	null	2
炙る	null	2
炬燵	null	1
炭	41	0
炭素	41	1
炭鉱	41	2
点	6	4
点々	null	2
点く	null	2
点ける	8	2
点数	8	2
点滴	47	0
点火	null	1
点線	null	1
為	null	4
為さる	null	4
為す	null	2
為に	35	0
為る	null	5
為替	null	2
烏	57	0
烏賊	57	0
焚き火	null	1
焚く	null	2
無	null	3
無くす	null	5
無くなる	null	4
無し	17	3
無事	17	3
無休	17	0
無力	17	0
無効	null	1
無口	null	1
無名	17	0
無地	null	2
無報酬	56	0
無害	20	0
無念	null	1
無意味	null	1
無意識	19	0
無我	26	0
無我夢中	28	0
無数	null	2
無敵	21	0
無料	17	3
無断	null	1
無沙汰	null	2
無理	17	4
無用	null	1
無知	17	1
無礼	null	1
無秩序	54	0
無税	21	0
無糖	33	0
無線	null	1
無縁	44	0
無職	23	0
無能	null	1
無茶	17	1
無茶苦茶	null	1
無菌	45	0
無視	24	3
無言	17	1
無論	null	1
無謀	49	0
無邪気	50	1
無闇に	48	1
無限	25	2
無難	null	1
無駄	50	3
無駄遣い	null	1
焦がす	44	2
焦げる	42	2
焦り	46	0
焦る	44	1
焦点	42	2
焦燥	51	0
然うして	null	5
然し	null	5
然して	null	5
然しながら	null	1
然も	null	3
然程	null	1
焼き芋	34	0
焼き鳥	18	0
焼く	18	4
焼ける	20	4
焼肉	18	0
焼酎	41	0
煉瓦	null	2
煌々	null	1
煌びやか	null	1
煙	18	3
煙い	20	2
煙たい	null	1
煙る	null	1
煙突	null	2
煙草	null	5
照らす	30	2
照り焼き	32	0
照り返す	null	1
照る	null	2
照れる	30	0
照合	null	1
照明	30	1
煩い	60	5
煩わしい	null	1
煩忙	60	0
煩雑	60	0
煮える	null	2
煮る	49	2
煮物	49	0
煽てる	null	1
熊	35	0
熊の実	57	0
熊本県	35	0
熟れる	33	0
熟語	33	2
熱	13	4
熱い	13	5
熱する	null	2
熱中	null	3
熱帯	null	3
熱心	13	3
熱意	null	1
熱湯	null	1
熱烈	29	0
熱量	null	1
燃える	26	3
燃え付く	26	0
燃やす	24	2
燃料	24	1
燃焼	null	1
燐寸	null	5
爆弾	37	1
爆撃	37	0
爆発	37	3
爆笑	37	0
爪	34	2
爪切り	34	0
父	3	0
父母	null	2
父親	12	3
爽やか	47	2
片	39	0
片付く	null	2
片付け	null	1
片付ける	null	4
片仮名	39	2
片思い	null	1
片手	39	0
片言	39	1
片道	39	2
片隅	51	0
版	null	1
版権	30	0
版画	null	1
牙	36	0
牛	3	3
牛丼	34	0
牛乳	23	5
牛肉	5	5
牧場	43	2
牧師	43	1
牧畜	null	2
牧草	43	0
物	9	5
物事	null	3
物体	null	1
物価	22	3
物凄い	null	2
物好き	null	1
物差し	null	2
物理	null	3
物真似	33	0
物置	null	2
物語	11	3
物語る	null	2
物議	null	1
物資	null	1
物質	null	3
物足りない	null	1
物音	null	3
物騒	null	2
特に	11	4
特別	11	4
特売	null	2
特定	null	2
特徴	26	3
特急	16	4
特技	14	1
特有	null	1
特権	null	1
特殊	52	2
特派	null	1
特産	null	1
特色	null	2
特許	null	1
特質	24	0
特選	13	0
特長	null	2
特集	null	1
犠打	40	0
犠牲	52	1
犠牲者	54	0
犠飛	42	0
犬	2	5
犯す	20	1
犯人	20	3
犯罪	20	3
状態	22	3
状況	25	3
狂う	45	3
狂気	45	0
狐	60	0
狙い	37	2
狙う	39	2
狙撃	37	0
狡い	null	2
狩り	45	0
狩人	45	0
狩猟	52	0
独りでに	null	2
独り言	28	2
独創	26	1
独占	26	1
独唱	40	0
独学	26	0
独特	26	3
独立	26	3
独自	null	1
独裁	26	1
独身	26	3
狭い	24	5
狭める	26	0
猛	29	0
猛烈	29	1
猟	52	0
猟師	52	0
猟犬	52	0
猫	15	5
猫舌	19	0
献立	null	2
献血	36	0
献金	36	0
猶予	56	0
猿	46	3
猿真似	46	0
獣	26	1
獣医	26	0
獣類	26	0
獲得	40	1
獲物	40	1
玄人	53	1
玄米	51	0
玄関	51	5
率	null	3
率いる	null	1
率土	null	3
率直	null	2
玉	2	3
玉ねぎ	2	0
王	2	3
王冠	54	0
王女	2	2
王妃	49	0
王子	2	3
王様	13	3
玩具	null	4
珈琲	null	5
珍	43	0
珍しい	43	4
珍味	43	0
珠算	49	0
班	48	1
班長	48	0
現に	23	2
現れ	null	3
現れる	23	3
現代	null	3
現像	null	1
現在	23	3
現地	null	1
現場	23	3
現実	23	3
現状	null	3
現行	null	1
現象	24	3
現金	null	3
球	12	3
球威	43	0
球根	null	1
理不尽	48	0
理屈	27	1
理性	14	1
理想	null	3
理由	7	4
理科	null	2
理解	21	3
理論	20	1
琴	43	2
瑞々しい	58	0
環境	24	3
環礁	59	0
瓜	53	0
瓜実顔	55	0
瓦	null	5
瓦斯	null	4
瓩	null	5
瓶	51	3
瓶詰め	51	2
甕	null	1
甘い	36	5
甘える	null	1
甘く見る	36	0
甘やかす	null	2
甘党	36	0
甘口	null	1
甘酢	37	0
甚だ	59	1
甚だしい	null	2
甚大	59	0
生	3	3
生える	5	2
生かす	null	1
生きる	3	4
生き物	null	3
生き生き	null	2
生き甲斐	41	0
生ける	null	1
生け花	null	2
生じる	null	3
生ずる	null	2
生ぬるい	null	1
生まれ	5	3
生まれつき	null	1
生まれる	3	5
生む	3	1
生やす	null	1
生る	null	2
生保	9	0
生卵	32	0
生命	null	3
生地	8	3
生存	16	2
生年月日	null	2
生徒	19	5
生意気	null	2
生憎	null	3
生死	null	1
生殖	40	0
生活	6	4
生涯	50	0
生物	9	3
生物学	11	0
生理	null	1
生産	null	4
生真面目	null	1
生育	null	1
生臭い	null	1
生計	null	1
生身	null	1
生還	38	0
生長	null	2
産休	null	1
産出	null	1
産地	null	2
産婦人科	null	1
産後	null	1
産業	22	4
産物	null	1
甥	null	1
用	3	4
用いる	3	3
用事	9	4
用件	null	1
用品	null	1
用心	null	3
用心棒	31	0
用意	11	4
用法	null	1
用紙	null	1
用語	null	2
用途	null	2
田	2	3
田んぼ	null	2
田園	null	1
田植え	null	2
田畑	41	0
田舎	35	4
甲	39	1
甲乙	57	0
甲斐	39	0
甲斐性	41	0
申し上げる	null	4
申し入れる	null	1
申し出	null	1
申し出る	null	1
申し分	null	1
申し訳	null	3
申し込み	null	1
申し込む	34	3
申す	4	4
申告	null	1
申請	null	2
男	4	5
男の人	5	3
男の子	5	5
男優	23	0
男子	null	3
男性	14	4
町	4	5
町民	7	0
画	null	1
画像	13	0
画家	null	3
画廊	31	0
画期	null	1
画面	16	0
畏まりました	null	2
畑	41	3
留める	null	1
留学	16	3
留学生	18	5
留守	16	4
留守番	18	2
留守番電話	20	0
畜生	48	1
畜産	48	1
略	null	3
略す	29	2
略図	29	0
略語	29	1
番	null	3
番号	8	5
番号札	10	0
番地	null	2
番目	null	1
番組	8	4
異なる	33	3
異動	null	1
異常	33	3
異性	33	1
異状	33	0
異義	33	0
異見	null	1
異論	null	1
異議	null	1
畳	47	4
畳む	null	2
疎か	56	1
疎ら	54	0
疎外	54	0
疎通	54	0
疎遠	54	0
疎開	54	0
疑う	null	3
疑問	13	3
疑惑	null	1
疫病	50	0
疲れ	47	3
疲れる	45	5
疲労	45	1
疲弊	56	0
疾っくに	null	2
疾患	54	0
疾病	54	0
疾走	54	0
疾風	54	0
病	10	1
病む	10	1
病人	10	0
病床	42	0
病棟	46	0
病気	10	5
病院	10	5
症	27	1
症状	27	3
痒い	null	2
痛い	27	5
痛み	29	3
痛み止め	29	0
痛む	29	1
痛める	32	1
痛切	null	1
痛恨	47	0
痛感	null	1
痩せる	null	4
痴呆	54	0
痴漢	54	0
痺れる	null	2
癌	null	1
癒着	55	0
癖	46	3
癖に	48	0
発	null	1
発作	null	1
発売	9	2
発売中	11	0
発射	34	2
発展	24	3
発想	null	2
発掘	42	1
発揮	34	2
発明	null	3
発条	null	2
発泡	46	0
発生	null	1
発病	null	1
発祥	52	0
発育	null	1
発芽	null	1
発行	null	3
発表	9	3
発見	9	3
発言	null	1
発足	null	1
発車	null	3
発達	null	3
発酵	57	0
発電	null	2
発音	9	4
登場	null	2
登山	12	3
登校	null	1
登録	28	1
白	2	5
白い	4	5
白人	2	0
白旗	32	0
白熊	35	0
白状	null	1
白菊	46	0
白髪	null	2
白鳥	7	0
白黒	9	0
百科事典	null	2
的	14	1
的確	null	2
皆	null	5
皆さん	13	5
皆様	13	0
皇后	50	0
皇太子	33	0
皇太子妃	49	0
皇室	33	0
皇居	null	1
皇帝	46	0
皇族	33	0
皮	5	3
皮肉	5	2
皮膚	51	2
皮膚病	53	0
皮膚科	53	0
皮革	23	0
皺	null	1
皿	4	3
皿洗い	20	0
盆	null	2
盆地	null	2
盆栽	54	0
盆踊り	48	0
益々	null	3
盗み	null	1
盗む	30	4
盗作	30	0
盗品	30	0
盗撮	30	0
盗聴	37	0
盗賊	57	0
盗難	null	2
盛り	null	3
盛り上がる	37	1
盛り上げる	35	0
盛る	33	2
盛ん	null	4
盛大	null	1
盛装	null	1
盟約	36	0
監督	29	3
監視	29	1
盤	38	0
目	2	5
目つき	null	1
目上	null	2
目下	null	2
目出度い	null	2
目印	null	2
目安	null	2
目指す	null	2
目方	null	1
目標	13	3
目次	6	2
目玉	2	0
目的	14	3
目盛り	null	1
目眩	null	2
目立つ	null	2
目茶苦茶	null	2
目覚まし	null	2
目覚ましい	null	1
目覚める	21	1
目論見	null	1
目録	null	1
盲人	57	0
盲点	57	1
盲目	57	0
盲腸	57	0
直	null	3
直ぐ	null	1
直ぐに	null	5
直ちに	null	3
直に	null	3
直前	null	2
直径	31	2
直後	null	2
直感	null	1
直接	26	3
直接的	28	0
直流	null	2
直線	null	2
直航	29	0
直行	6	0
直角	null	2
直轄	56	0
直通	null	2
直面	null	1
相	null	1
相互	35	2
相場	null	1
相変わらず	17	2
相対	null	1
相当	null	3
相応	null	1
相応しい	null	1
相手	9	3
相撲	43	2
相続	null	3
相談	9	3
相違	null	2
盾	48	1
省く	21	3
省略	29	2
眉	null	1
看板	29	2
看病	null	2
看護	null	1
看護師	23	4
県	9	3
県営	22	0
県庁	null	2
真っ二つ	null	1
真っ先	null	2
真っ暗	null	2
真っ白	null	2
真っ直ぐ	null	5
真っ赤	null	3
真っ青	null	2
真っ黒	16	2
真ん中	null	4
真ん丸い	null	1
真ん前	null	1
真上	null	1
真下	null	1
真似	31	3
真似る	null	2
真剣	35	3
真実	16	1
真心	null	1
真珠	49	1
真理	null	1
真相	null	1
真空	null	2
真逆	null	3
真面目	null	3
真鯉	53	0
眠い	27	4
眠たい	null	1
眠り薬	29	0
眠る	29	4
眩しい	null	2
眺め	47	3
眺める	45	3
眺望	45	0
眼	32	0
眼医者	10	0
眼孔	46	0
眼球	32	1
眼科	null	1
眼鏡	34	5
着	null	1
着々	12	2
着く	12	5
着せる	null	2
着る	12	5
着工	null	1
着席	null	1
着替え	27	2
着物	14	4
着目	null	1
着色	null	1
着陸	null	1
着飾る	null	1
睡眠	27	3
睡眠薬	29	0
睨む	null	2
瞑る	null	1
瞬き	46	1
瞬く	46	0
瞬時	46	0
瞬間	46	3
瞳	46	2
瞳孔	46	0
瞼	null	2
矛	45	0
矛先	47	0
矛盾	48	2
矢	3	1
矢っ張り	null	2
矢印	28	2
矢張り	null	3
矢鱈	null	1
知	56	0
知らせ	null	3
知らせる	null	4
知り合い	14	2
知る	6	5
知事	null	3
知人	null	2
知性	null	1
知恵	37	3
知的	null	1
知能	null	3
知識	17	3
短い	12	5
短刀	12	0
短大	null	1
短所	null	2
短期	12	2
短歌	null	1
短気	null	1
短波	null	1
短編	null	2
短縮	null	1
短距離	45	0
短銃	39	0
矯正	60	0
石	4	4
石垣	43	0
石油	35	3
石炭	41	3
石碑	56	0
石鹸	null	5
砂	33	4
砂丘	44	0
砂利	null	1
砂漠	33	3
砂糖	33	5
研ぐ	null	1
研修	28	2
研修生	30	0
研究	8	4
研究室	10	4
研究所	10	0
砕く	47	2
砕ける	null	2
砕石	47	0
破く	null	2
破る	35	3
破れる	37	2
破壊	35	1
破損	null	1
破棄	null	1
破片	41	2
破産	35	3
破船	35	0
破裂	null	1
硝子	null	4
硫酸	58	0
硫黄	60	0
硬い	14	4
硬直	45	0
硬貨	null	3
碁	46	2
碁会所	46	0
碁盤	46	1
碌な	null	1
碌に	null	1
碑	null	1
碑文	56	0
碗	null	2
確か	null	4
確かに	20	0
確かめる	22	3
確り	null	4
確保	null	1
確信	null	1
確定	null	1
確実	null	3
確率	20	2
確立	null	1
確認	21	3
磁器	null	1
磁場	34	0
磁気	34	1
磁石	34	2
磨き	45	0
磨く	45	5
礎	49	0
示す	22	3
示唆	52	0
礼	null	3
礼儀	41	3
社	null	1
社交	null	1
社会	7	4
社会党	32	0
社会福祉	41	0
社会科学	null	2
社内	5	0
社員	12	0
社宅	null	1
社説	null	2
社費	22	0
社長	6	4
祈り	null	1
祈る	18	4
祈念	18	0
祈願	18	0
祖先	null	2
祖母	32	4
祖父	32	4
祖父母	34	0
祝い	null	3
祝う	24	3
祝儀	41	0
祝日	24	2
祝賀	null	1
神	11	3
神奈川県	36	0
神様	13	2
神殿	null	1
神社	11	4
神秘	null	1
神経	null	3
神聖	34	1
神話	null	2
神道	11	0
神風	13	0
神髄	55	0
票	25	1
祭り	12	3
祭る	null	2
祭日	12	2
禁じる	18	1
禁ずる	null	1
禁句	18	0
禁忌	59	0
禁止	18	3
禁煙	18	3
禅	null	1
禅僧	18	0
禅宗	29	0
禍根	59	0
福	null	1
福寿	35	0
福祉	39	1
福袋	42	0
秀でる	23	0
秀逸	54	0
私	6	5
私営	22	0
私大	10	0
私有	null	1
私物	null	1
私生活	6	0
私用	null	1
私立	6	2
私立大学	8	0
私自身	8	0
私財	19	0
私邸	51	0
私鉄	10	2
秋	15	5
科	null	1
科学	6	4
科目	8	3
秒	11	3
秒針	26	0
秘める	32	0
秘密	32	3
秘書	null	1
租界	46	0
租税	46	0
秤	null	2
秩序	52	1
秭	null	1
称える	40	0
称する	null	1
移す	28	3
移る	30	4
移住	28	1
移住者	30	0
移動	28	3
移民	28	1
移行	null	1
移譲	39	0
移転	null	2
稀	null	2
程	28	3
程よく	30	0
程度	28	3
稍	null	3
税	null	3
税務署	null	1
税金	21	3
税関	null	2
稚拙	59	0
種	null	3
種々	null	1
種類	18	3
稲	39	3
稲作	39	0
稲光	null	1
稲田	39	0
稲穂	46	0
稼ぎ	47	0
稼ぐ	45	3
稽古	null	2
稿料	53	0
穀物	56	3
穀類	56	0
穂	46	1
積む	31	2
積もり	null	4
積もる	29	3
積極的	null	3
穏やか	46	3
穏当	46	0
穴	20	3
穴場	20	0
穴子	20	0
究明	8	0
究極	27	1
空	5	5
空き	null	3
空き缶	44	0
空き間	null	1
空く	null	3
空っぽ	null	2
空中	null	2
空席	17	0
空想	null	2
空欄	54	0
空気	5	4
空洞	50	0
空港	12	4
空疎	54	0
空腹	null	1
空襲	43	0
空車	5	0
空間	8	0
突き当たり	null	2
突き当たる	null	2
突く	26	2
突っ張る	null	1
突っ込む	null	2
突如	47	1
突然	26	3
突破	null	1
突貫	52	0
窃盗	58	0
窒息	56	1
窒素	56	0
窓	33	5
窓口	33	2
窮乏	56	1
窮地	56	0
窮屈	56	1
窮状	56	0
立ち上がる	null	3
立ち入り禁止	20	0
立ち寄る	null	1
立ち止まる	null	2
立ち飲み	10	0
立つ	2	5
立てる	2	4
立体	null	1
立場	null	3
立方	null	1
立法	null	1
立派	21	5
竜	44	0
竜巻	44	0
章	null	3
童話	12	2
童謡	54	0
端	27	4
競う	11	0
競争	11	4
競技	null	3
競艇	53	0
競馬	null	2
竹	4	2
竹の子	4	0
竿	null	1
笑い	18	3
笑う	16	4
笑顔	16	3
笛	19	3
笠	44	0
符号	null	2
第	null	1
第一	12	1
第一位	12	0
第一印象	26	0
筆	26	3
筆者	null	2
筆記	null	2
筈	null	4
等	null	5
等しい	18	3
等分	null	2
等号	18	0
等級	null	1
筋	33	3
筋肉	33	3
筒	43	1
答え	8	4
答える	8	5
答案	null	3
策	22	1
箇	null	1
箇所	null	2
箇条書き	null	1
箒	null	2
算定	10	0
算数	10	2
算盤	null	2
管	24	3
管制塔	44	0
管弦楽	58	0
管弦楽団	60	0
管理	24	3
管理人	26	0
管轄	56	0
箪笥	null	2
箱	16	5
箸	47	5
節	null	3
節句	19	0
節約	null	3
範	42	0
範囲	42	3
築く	null	1
篭る	null	1
簡単	33	4
簡易	33	1
簡潔	null	1
籠	null	3
米	5	5
米兵	17	0
米国	6	0
米穀	56	0
粁	null	5
粉	31	3
粉々	null	1
粉末	null	1
粉状	31	0
粉砕	47	0
粋	34	1
粒	44	2
粒子	44	0
粗い	55	3
粗塩	57	0
粗悪	55	0
粗末	null	3
粗筋	null	2
粗野	55	0
粘々	47	0
粘り	49	1
粘る	47	1
粘土	47	0
粘着	47	0
粥	null	1
精々	null	3
精一杯	30	0
精密	null	1
精巧	null	1
精度	28	0
精神	28	3
精神病	30	0
精神的	30	0
糊	null	2
糸	4	4
系	30	1
系統	null	2
系譜	58	0
糾弾	42	0
紀元前	17	0
紀元後	15	0
約	14	3
約束	14	4
約款	57	0
紅	34	0
紅茶	34	5
紅葉	null	2
紋	54	0
紋章	54	0
納入	33	1
納得	35	3
納豆	34	0
紐	null	3
純情	null	2
純毛	34	0
純粋	34	2
紙	7	5
紙くず	null	2
紙幣	47	2
級	null	3
紛らす	42	0
紛らわしい	44	1
紛れ	48	0
紛れもない	46	0
紛れる	44	1
紛争	null	1
紛失	null	1
紛糾	42	0
素っ気ない	null	1
素人	null	2
素敵	21	3
素早い	null	1
素晴らしい	23	3
素朴	55	1
素材	21	1
素直	null	2
素粒子	46	0
紡ぐ	59	0
紡績	59	1
紡織	59	0
索引	29	2
紫	49	2
紫外線	49	0
紫色	49	0
累積	55	0
累計	55	0
累進	55	0
細い	17	5
細かい	19	4
細やか	null	1
細工	null	1
細胞	53	1
細菌	45	1
紳士	56	1
紳士協定	58	0
紹介	35	4
紹介状	37	0
紺	57	2
終える	null	3
終わり	12	4
終わる	10	5
終了	10	2
終始	null	1
終日	null	1
終点	10	2
終身刑	37	0
終電	12	0
組	7	3
組み合わせ	null	2
組み合わせる	null	1
組み立てる	null	2
組む	null	3
組合	null	3
組織	27	3
経つ	20	3
経る	null	1
経営	null	3
経度	null	2
経歴	null	1
経済	21	4
経済学	23	0
経済的	23	0
経由	null	3
経緯	53	1
経費	null	1
経路	31	1
経験	20	3
経験者	22	0
結び	null	1
結びつき	null	1
結びつく	null	1
結び付ける	null	1
結ぶ	null	3
結合	null	1
結婚	30	5
結婚式	32	0
結局	17	3
結成	null	1
結晶	null	1
結束	null	1
結果	17	3
結核	null	1
結構	25	5
結論	null	3
絞る	25	2
絞殺	25	0
絡む	19	1
給う	null	1
給与	27	2
給仕	null	1
給料	27	3
給油	35	0
給油所	37	0
給食	null	1
絨毯	null	2
統一	null	2
統制	null	1
統合	22	1
統帥	53	0
統括	42	0
統治	null	1
統率	null	1
統計	null	2
絵	8	5
絵の具	null	2
絵文字	8	0
絵画	null	3
絶えず	null	2
絶える	30	1
絶やす	31	0
絶叫	44	0
絶対	28	3
絶景	28	0
絶望	28	1
絶滅	43	3
絶版	null	1
絹	58	4
絹糸	58	0
継ぎ目	null	1
継ぐ	36	1
継承	36	0
継父	36	0
継続	null	2
続々	19	2
続き	null	3
続く	19	4
続ける	21	4
維持	36	3
維新	36	0
綱	42	2
綱引き	42	0
網	42	1
網戸	44	0
網羅	57	0
網膜	57	0
綴じる	null	1
綺麗	29	5
綻びる	null	1
綿	46	3
綿布	46	0
緊張	29	3
緊急	29	1
緋鯉	53	0
総	null	1
総会	null	1
総合	21	1
総帥	53	0
総括	42	0
総理	21	0
総理大臣	31	2
総理府	23	0
緑	13	5
緑色	13	0
線	10	4
線路	10	2
締める	27	5
締め切り	29	2
締め切る	null	2
締結	27	0
編	null	1
編み物	null	2
編む	31	2
編者	31	0
編集	31	2
編集者	33	0
緩い	38	2
緩む	38	1
緩める	40	1
緩やか	38	1
緩和	null	1
緩慢	52	0
緯度	53	2
緯線	53	0
練る	null	1
練習	13	5
縁	44	3
縁側	null	1
縁談	44	1
縁起	44	0
縄	36	3
縄張り	38	0
縄文	36	0
縄跳び	39	0
縛り首	58	0
縛る	56	2
縞	null	2
縦	34	5
縦書き	34	0
縦横	34	0
縫い目	58	0
縫う	56	2
縫製	56	0
縮まる	null	1
縮む	null	2
縮める	null	2
縮れる	null	2
縮小	34	2
繁栄	40	1
繁殖	40	1
繁盛	55	1
繁茂	40	0
繊細	53	0
繊維	53	1
繋がり	null	2
繋がる	null	2
繋ぐ	null	3
繋げる	null	2
織り	null	1
織る	27	1
織物	29	1
繕う	null	1
繰り返す	40	3
繰る	38	0
纏まり	null	1
纏まる	null	2
纏め	null	1
纏める	null	2
缶	44	3
缶コーヒー	44	0
缶ビール	44	0
缶詰	null	2
罪	20	3
置き場	24	0
置く	22	5
罰	22	1
罰する	null	3
罰ゲーム	22	0
罰金	22	0
署名	17	3
罵る	null	1
罷免	60	0
罹る	null	3
羅列	57	0
羅針盤	57	0
羊	6	0
羊毛	6	2
美	null	1
美しい	9	4
美人	9	3
美味しい	15	5
美容	null	2
美術	14	1
美術館	16	4
群	null	1
群がる	43	1
群れ	39	2
群れる	41	0
群集	39	1
群馬県	39	0
羨ましい	null	2
羨む	null	2
義務	21	3
義塾	45	0
義理	21	1
羽	5	3
翌年	30	0
翌日	30	0
翌月	30	0
翌朝	30	0
習う	10	5
習字	null	2
習慣	25	4
翔る	45	1
翻る	50	0
翻意	50	0
翻訳	50	4
翼	44	3
老い	null	3
老いる	null	1
老ける	null	1
老人	11	3
老婆	47	0
老朽	58	0
老眼	32	0
老舗	55	0
老衰	49	1
老齢	38	0
考え	7	3
考える	5	4
考え方	7	0
考古学	5	1
考慮	38	3
者	null	3
耐える	48	2
耐久性	48	0
耐火	48	0
耐熱	48	0
耕す	51	2
耕作	51	1
耕地	51	2
耳	4	5
耳打ち	6	0
耳鼻科	null	1
聖地	34	0
聖日	34	0
聖書	34	1
聞き取り	null	1
聞く	10	5
聞こえる	12	4
聡い	51	0
聡明	51	0
聳える	null	1
聴力	37	0
聴者	37	0
聴覚	null	1
聴診器	null	1
聴講	null	1
職	null	3
職人	null	2
職務	null	1
職員	23	1
職場	23	0
職業	23	3
肉	5	5
肉体	null	1
肉屋	9	0
肉欲	32	0
肉親	null	1
肌	45	3
肌着	null	2
肌色	45	0
肌触り	45	0
肖像	58	0
肘	null	2
肝	42	0
肝炎	42	0
肝臓	42	0
股	null	1
肥料	25	1
肥満	25	0
肩	24	3
肯定	51	2
育ち	null	1
育つ	11	3
育てる	13	4
育児	null	2
育成	null	1
肺	33	1
肺がん	33	0
肺病	33	0
肺臓	34	0
胃	27	3
胃痛	27	0
胃腸	57	0
胆石	59	0
背	30	5
背が高い	32	0
背く	null	1
背丈	32	0
背中	32	4
背広	32	5
背後	30	1
背景	30	1
背負う	null	2
胎児	57	0
胎盤	57	0
胞子	53	0
胡座	53	0
胡椒	null	2
胡瓜	53	0
胴	47	1
胴体	47	0
胸	18	3
胸焼け	20	0
能	null	3
能力	14	3
能率	null	2
脂	null	2
脂肪	51	1
脂身	53	0
脅かす	null	2
脅し	48	0
脅す	50	1
脅迫	48	1
脆い	null	1
脇	48	3
脇役	48	0
脇見	48	0
脈	null	1
脈拍	56	0
脊椎	58	0
脊髄	55	0
脚本	45	1
脚色	null	1
脱ぐ	22	5
脱する	null	1
脱出	null	1
脱字	22	0
脱獄	35	0
脱税	22	0
脱線	22	2
脱衣	41	0
脱走	22	0
脱退	null	1
脳	18	1
脳味噌	18	0
脳死	18	0
腐る	34	3
腐敗	34	1
腐食	34	0
腕	24	4
腕時計	24	0
腫れる	null	1
腰	24	3
腰抜け	27	0
腰掛け	null	2
腰掛ける	null	2
腸	57	1
腹	27	3
腹切り	29	0
腹立ち	null	1
腹立つ	29	0
膜	57	1
膝	null	3
膨らます	null	2
膨らむ	54	2
膨れる	52	1
膨大	52	2
膨張	52	1
膳	null	1
臆病	null	1
臍	null	2
臥せる	55	0
臨む	37	1
臨時	37	2
臨海	37	0
自ずから	null	1
自主	null	1
自信	15	1
自分	5	5
自制	21	0
自動	14	3
自動的	16	0
自動詞	19	1
自動販売機	24	0
自動車	16	5
自叙伝	54	0
自在	20	1
自宅	23	0
自家製	24	0
自尊心	null	1
自己	35	1
自己紹介	37	0
自惚れ	null	1
自愛	17	0
自慢	52	3
自我	null	1
自殺	13	3
自民党	32	0
自決	8	0
自治	null	2
自浄	53	0
自炊	47	0
自然	13	3
自然科学	null	2
自爆	37	0
自由	7	4
自立	5	1
自粛	54	0
自習	null	2
自薦	34	0
自衛	32	2
自覚	17	1
自販機	26	0
自身	null	3
自転	null	1
自転車	10	5
自首	null	1
臭い	20	3
至って	null	1
至る	41	3
至上	41	0
至急	null	2
致す	38	4
致命的	38	0
興じる	null	1
興味	32	4
興奮	50	1
舌	19	3
舐める	null	1
舗装	53	1
舞	36	0
舞う	36	1
舞台	36	3
舞踏	36	0
舞踏会	38	0
航法	29	0
航海	null	1
航空	29	3
航空券	31	0
航空母艦	41	0
舶来	56	0
船	7	4
船体	7	0
船便	null	2
船員	12	0
船舶	56	1
船酔い	37	0
艦船	41	0
艦艇	53	0
艦隊	41	0
良い	11	5
良く	null	5
良し悪し	null	1
良好	14	1
良心	null	1
良質	24	1
色	5	5
色々	5	5
色彩	48	1
色盲	57	0
艶	null	2
芋	34	0
芝	42	1
芝居	null	3
芝生	42	3
芝草	42	0
芯	47	2
花	4	5
花びら	null	1
花壇	49	1
花婿	60	0
花嫁	null	2
花柳	47	0
花柳界	49	0
花火	4	2
花瓶	51	5
花粉	null	1
花粉症	31	0
花見	4	4
芳しい	52	0
芳香	52	0
芸人	14	0
芸者	14	0
芸能	null	2
芸能界	14	0
芸術	14	3
芸術家	16	0
芽	44	3
苗	51	1
苗字	4	2
苗床	53	0
苗木	53	0
苛々	null	3
苛める	null	4
若々しい	19	2
若い	19	5
若い頃	45	0
若し	null	4
若しかしたら	null	2
若しかして	null	1
若しかすると	null	2
若しくは	null	1
若しも	null	3
若布	19	0
若干	null	1
若者	19	0
苦い	9	4
苦しい	9	3
苦しむ	11	3
苦しめる	null	1
苦労	11	3
苦心	null	2
苦情	null	2
苦手	11	3
苦痛	null	3
英会話	15	0
英和	15	2
英国	15	0
英字	null	1
英文	15	2
英訳	32	0
英語	15	5
英語圏	39	0
英雄	29	1
茂る	40	2
茎	54	1
茨	52	0
茨城県	54	0
茶	null	3
茶の湯	12	1
茶の間	null	1
茶屋	9	0
茶碗	null	5
茶色	6	5
茶色い	null	2
茹でる	null	2
草	5	4
草刈り	49	0
草地	6	0
草履	null	2
草稿	53	0
草臥れる	null	2
荒々しい	44	0
荒い	42	2
荒っぽい	null	1
荒らす	44	1
荒れる	42	0
荒廃	null	1
荒波	44	0
荘厳	54	0
荘園	46	0
荷	null	1
荷札	16	0
荷物	16	5
荷造り	null	1
莫大	null	3
菓子	null	3
菓子屋	28	0
菜食	31	0
華々しい	33	1
華やか	31	1
華奢	null	1
華美	31	1
華道	31	0
萌え	59	0
萌芽	57	0
萎びる	null	1
萎む	null	2
落ち	12	0
落ちる	10	4
落ち着き	null	1
落ち着く	14	2
落ち葉	12	1
落ち込む	null	1
落とし物	null	2
落とす	12	4
落下	null	1
落書き	18	0
落第	null	2
落胆	59	0
落雷	44	0
葉	10	4
葉書	18	5
著しい	33	1
著す	null	2
著作	33	0
著作権	35	0
著名	null	1
著書	null	1
著者	33	3
葡萄	null	4
葦	null	1
葬る	37	1
葬儀	41	0
葬式	37	2
葵	53	0
蒔く	null	2
蒙古	53	0
蒸し暑い	35	2
蒸し返す	35	0
蒸す	null	2
蒸れる	33	0
蒸気	33	2
蒸留	null	1
蒸発	null	2
蓄える	26	2
蓄積	null	1
蓋	null	2
蓮	51	1
蓮根	53	0
蓮華	51	0
蔑む	59	0
蔵	28	1
蔵相	null	1
蕎麦	null	2
蕩ける	null	1
蕾	null	1
薄い	40	5
薄める	42	2
薄弱	40	1
薄情	40	0
薄暗い	null	2
薬	17	5
薬剤	40	0
薬剤師	40	0
薬品	null	2
薬学	17	0
薬局	null	2
薬指	null	2
薬方	17	0
薬物	17	0
薬用	17	0
薬缶	null	2
藁	null	1
藍	60	0
藤	22	0
藩	58	0
藩主	58	0
藻	60	0
藻掻く	null	1
蘇る	null	2
虎	41	3
虐げる	53	0
虐待	53	0
虐殺	53	0
虚しい	17	1
虚ろ	null	1
虚弱	17	0
虚栄心	17	0
虜	55	0
虫	4	4
虫歯	12	3
虹	47	2
虹色	47	0
蚊	48	2
蚊帳	48	0
蛇	48	0
蛇口	null	2
蛍	41	0
蛍光灯	null	2
蛮行	60	0
蜂	41	0
蜂蜜	41	1
蜘蛛の巣	31	0
蜜	41	1
蝋燭	null	2
蝶	56	1
蝶々	58	0
融合	31	0
融資	31	1
融通	null	1
螺子	null	2
蟹	50	0
血	6	4
血圧	20	2
血族	12	0
血液	32	2
血液型	34	0
血管	24	1
血脈	31	0
衆	null	1
衆議院	28	1
行	null	1
行い	null	1
行う	5	4
行き	5	3
行き成り	null	2
行き違い	null	1
行く	5	5
行けない	null	3
行ってまいります	null	2
行ってらっしゃい	null	2
行事	null	2
行儀	null	3
行列	null	2
行動	12	3
行員	null	1
行政	null	1
行為	35	1
行進	null	1
街	null	1
街灯	48	0
街角	null	2
街道	29	1
街頭	null	1
衛星	32	3
衛生	32	1
衝撃	40	1
衝突	40	3
衣	41	0
衣料	null	1
衣服	41	3
衣装	null	1
衣類	null	1
衣食住	null	2
表	9	4
表す	9	3
表彰	50	0
表情	13	3
表現	23	3
表紙	null	2
表面	null	3
衰える	49	1
衰退	49	0
袋	42	3
袖	null	3
被せる	null	2
被る	20	3
被害	20	3
被害者	22	0
裁く	23	1
裁判	23	3
裁縫	56	2
裂く	43	2
裂ける	null	1
装い	33	0
装う	35	0
装置	33	3
装飾	null	1
裏	33	4
裏切り	33	0
裏切り者	35	0
裏切る	33	3
裏口	33	2
裏返し	null	1
裏返す	null	2
裏通り	33	0
裕福	20	0
補う	25	2
補佐	47	0
補充	39	1
補助	null	1
補強	null	1
補給	null	1
補足	null	1
裸	45	3
裸足	47	1
製	null	1
製作	24	2
製品	24	3
製法	null	1
製造	26	3
製鉄	null	1
製鋼	39	0
裾	null	1
複写	32	2
複合	null	1
複数	32	2
複数形	34	0
複雑	32	4
褒める	40	4
褒美	40	1
褒賞	40	0
襖	null	2
襟	51	1
襟元	53	0
襟巻き	53	0
襤褸	null	2
襲う	43	1
襲撃	43	1
西	5	5
西側	17	0
西日	null	1
西暦	45	2
西洋	11	4
西瓜	53	0
要する	null	1
要するに	null	3
要る	9	5
要因	null	1
要旨	43	2
要望	null	1
要求	10	3
要点	9	3
要素	null	3
要請	29	1
要項	39	0
覆う	51	3
覆す	null	1
覆る	49	0
覆面	49	1
覇権	52	0
覇気	52	0
覇者	52	0
見える	4	4
見かけ	null	2
見かける	null	1
見せびらかす	null	1
見せる	4	5
見っともない	null	2
見つかる	null	4
見つける	9	4
見つめる	31	0
見る	4	5
見下ろす	null	2
見世物	null	1
見事	11	3
見出し	null	2
見分ける	4	0
見合い	null	1
見合わせる	null	1
見地	null	1
見学	null	2
見当	null	3
見当たる	7	0
見慣れる	null	2
見抜く	27	0
見方	4	1
見晴らし	null	1
見本	null	2
見極める	29	0
見渡す	25	1
見物	11	4
見直す	8	2
見積もり	null	1
見窄らしい	null	1
見舞い	null	3
見苦しい	null	1
見落とす	null	1
見解	null	3
見込み	null	1
見返す	15	0
見返る	13	0
見送り	null	3
見送る	11	2
見逃す	44	1
見通し	null	1
規制	null	1
規則	23	4
規則正しい	25	0
規定	null	1
規律	23	2
規格	null	1
規模	25	1
規範	null	1
規約	null	1
視察	null	1
視点	null	1
視覚	24	1
視野	null	1
覗く	null	2
覚え	null	1
覚える	19	5
覚ます	null	3
覚める	null	3
覚悟	49	3
親	10	4
親しい	10	3
親しむ	null	1
親不孝	42	0
親分	12	0
親切	10	4
親友	10	3
親善	null	1
親子丼	36	0
親孝行	42	0
親展	24	0
親戚	null	3
親指	13	2
親睦	59	0
親類	18	2
観	null	1
観光	22	3
観光客	24	0
観客	22	3
観察	null	3
観念	22	2
観測	35	2
観点	null	1
観衆	null	1
観覧	30	1
角	5	5
角度	9	2
角膜	57	0
解く	23	3
解ける	21	3
解剖	58	1
解剖学	60	0
解放	null	2
解散	31	2
解析	42	0
解決	21	3
解答	null	2
解説	21	2
解釈	51	3
解除	null	1
解雇	39	0
触る	24	4
触れる	26	3
触媒	58	0
触角	24	0
言いつける	null	2
言い出す	null	2
言い方	7	0
言い訳	34	1
言う	5	5
言わば	null	3
言付ける	null	2
言伝	null	1
言葉	12	5
言葉付き	14	0
言葉遣い	39	2
言語	10	3
言論	null	1
訂正	50	1
計る	24	3
計器	null	1
計画	15	3
計算	15	3
討論	26	1
討議	null	1
訓	null	3
訓戒	40	0
訓練	18	3
訓読み	18	0
託す	38	0
記す	null	1
記事	9	3
記入	null	3
記号	null	2
記名	null	1
記帳	48	0
記念	null	3
記念日	16	0
記念碑	56	0
記憶	48	3
記者	null	3
記載	24	1
記述	24	1
記録	28	3
訪ねる	27	4
訪れる	29	1
訪問	27	3
設ける	21	1
設備	null	3
設定	21	1
設立	null	1
設置	null	1
設計	null	3
許す	18	3
許可	18	3
許容	null	1
許諾	36	0
訳	32	4
訳す	32	2
訳者	32	0
訳語	32	0
訴え	null	1
訴える	25	3
訴訟	25	1
診る	29	2
診察	29	3
診断	29	2
診療	null	1
証	16	1
証人	16	1
証拠	41	1
証明	16	3
証明書	18	0
証言	16	1
証跡	37	0
詐取	47	0
詐欺	47	1
詐欺師	49	0
詐称	47	0
評価	22	3
評判	21	3
評論	21	2
詠む	59	0
試し	null	3
試す	11	3
試み	null	1
試みる	9	1
試合	14	4
試食	9	0
試験	9	4
試験地獄	37	0
詩	13	3
詩人	13	3
詩歌	13	0
詫び	null	1
詫びる	null	2
詰まり	null	3
詰まる	29	2
詰める	29	3
詰め込む	34	0
詰らない	null	5
詰る	null	1
話	10	5
話しかける	null	2
話し中	null	2
話し合い	null	2
話し合う	null	3
話し方	12	0
話す	8	5
話題	13	3
該当	55	1
詳しい	17	3
詳細	17	1
誂える	null	1
誇り	null	3
誇る	46	1
誇大	46	0
誇張	46	1
認める	21	3
認識	null	1
誓い	49	0
誓う	null	2
誓約	49	0
誕生	22	3
誕生日	24	5
誘う	27	3
誘導	null	1
誘惑	27	1
誘拐	54	0
語	null	3
語る	10	3
語句	null	1
語学	null	3
語彙	null	1
語源	null	1
誠	41	1
誠に	43	3
誠実	41	1
誠意	41	0
誤り	36	3
誤る	null	1
誤字	34	0
誤差	null	1
誤用	34	0
誤算	34	0
誤解	34	3
誤魔化す	null	1
説	null	3
説く	null	1
説得	19	1
説明	17	4
説明書	19	0
読み	null	3
読み上げる	null	1
読み方	10	0
読む	10	5
読書	null	3
読者	20	1
誰	43	5
誰か	43	5
課	null	3
課外	null	1
課程	null	2
課税	null	2
課長	13	4
課題	null	1
調べ	null	1
調べる	10	4
調停	null	1
調印	null	1
調味料	null	2
調和	null	1
調子	10	3
調整	null	2
調査	null	3
調理	null	1
調節	null	2
諄い	null	2
請う	null	2
請求	29	3
請願	29	0
論じる	null	3
論ずる	null	2
論争	null	3
論文	20	3
論旨	43	0
論理	20	1
論議	null	1
諦め	null	1
諦める	null	3
諭す	53	0
諮る	50	1
諮問	50	0
諸	33	1
諸々	35	0
諸に	null	1
諸君	33	1
諺	null	3
諾否	36	0
謎	44	3
謎々	44	2
謙る	null	1
謙虚	39	2
謙譲語	39	0
謙遜	41	2
講堂	null	4
講師	35	2
講演	35	3
講義	35	4
講習	null	1
講読	null	1
謝る	13	4
謝絶	null	1
謹賀新年	60	0
譜面	58	0
警備	null	2
警告	18	3
警官	19	5
警察	17	4
警察官	21	0
警察庁	24	0
警察署	19	0
警戒	40	1
警視庁	24	0
警鐘	45	0
議事堂	null	1
議会	20	3
議員	20	3
議案	null	1
議決	null	1
議論	20	3
議長	20	3
議題	null	1
譲る	39	3
譲歩	null	1
護衛	null	1
護謨	null	2
谷	5	3
豆	34	3
豆腐	36	0
豊か	25	3
豊作	null	1
豊富	null	3
豊満	25	0
豚	26	0
豚肉	26	5
象	24	3
象徴	26	1
象牙	36	0
豪傑	58	0
豪儀	null	1
豪華	31	3
貝	4	2
貝殻	null	1
貞操	51	0
貞節	51	0
負う	null	1
負かす	null	1
負け	null	3
負ける	9	4
負け犬	11	0
負債	null	1
負傷	null	1
負担	24	1
財	null	1
財布	19	5
財政	null	1
財源	null	1
財産	null	3
財閥	19	0
貢献	43	3
貧しい	30	3
貧乏	30	1
貧乏人	32	0
貧困	null	1
貧弱	null	1
貨幣	47	1
貨幣価値	49	0
貨物	31	2
貨物船	33	0
販売	24	3
貫	52	0
貫き通す	54	0
貫く	52	1
貫徹	52	0
貫禄	null	1
貫通	52	0
責める	21	3
責任	21	3
責任感	23	0
責務	null	1
貯蓄	48	1
貯蔵	null	2
貯金	26	3
貯金箱	28	0
貰う	null	3
貴ぶ	null	1
貴方	null	5
貴族	34	1
貴様	34	0
貴賓	55	0
貴重	34	3
貴重品	36	0
貶す	null	1
買い物	11	5
買う	8	5
貸し	29	0
貸し出し	null	2
貸し切り	27	0
貸す	27	5
貸家	null	2
貸間	null	2
費	null	1
費やす	null	1
費用	22	3
貿易	36	4
貿易会社	38	0
賃貸	33	0
賃金	null	1
賄う	38	1
賄賂	38	0
資料	21	2
資本	21	3
資格	21	1
資源	null	3
資産	null	1
資金	21	1
賑やか	null	5
賑わう	null	1
賓客	55	0
賛成	32	3
賛美	null	1
賜る	null	1
賞	null	3
賞与金	25	0
賞品	null	2
賞金	13	2
賠償	52	1
賠償金	54	0
賢い	48	3
賢人	48	0
賢明	48	1
質	24	3
質す	2	0
質問	24	5
質疑	null	1
質素	null	1
賭け	45	1
賭ける	45	1
購入	30	1
購読	30	1
購買	30	1
贅沢	23	3
贈り物	40	4
贈る	38	3
贈収賄	38	0
贈呈	54	0
贈賄	40	0
赤	4	5
赤い	4	5
赤ちゃん	4	4
赤らむ	null	1
赤ん坊	22	4
赤字	null	1
赤痢	60	0
赤道	null	2
赦免	58	0
走り回る	8	0
走る	5	5
走行	5	1
赴く	null	1
赴任	55	1
起きる	10	5
起こす	14	4
起こる	12	3
起伏	55	1
起床	42	2
起源	null	1
起点	null	1
起訴猶予	58	0
超	36	1
超自然的	36	0
超過	null	2
超音波	36	0
超音速	36	0
越える	30	3
越す	32	3
越権	30	0
趣	43	1
趣味	43	4
趣旨	null	1
足	4	5
足し算	10	1
足す	6	4
足りない	6	0
足りる	4	4
足る	null	2
足袋	null	2
足跡	39	2
足首	6	0
距離	43	1
跡	37	3
跡継ぎ	39	1
跨ぐ	null	2
跨る	null	1
路地	10	0
跳ねる	39	2
跳躍	39	0
踊り	48	4
踊り場	48	0
踊る	48	4
踏まえる	null	1
踏み込む	38	0
踏む	36	4
踏切	null	2
踵	null	1
蹴る	null	2
蹴飛ばす	null	1
躊躇う	null	2
躍り	41	0
躍る	39	0
躍動	39	0
躍如	47	0
躍進	39	0
躓く	null	2
身	8	3
身なり	null	1
身分	null	2
身振り	28	1
身近	null	1
身長	null	3
躾	null	1
軈て	null	3
車	4	5
車両	6	0
車内	4	0
車庫	28	2
車掌	47	2
車椅子	48	0
車輪	13	2
軋む	null	1
軌跡	50	0
軌道	50	1
軍	15	3
軍事	null	1
軍人	15	0
軍備	null	1
軍服	null	1
軍艦	41	1
軍隊	28	3
軒	51	3
軒並み	53	1
軟禁	51	0
転々	null	2
転がす	null	2
転がる	10	2
転じる	null	1
転ぶ	12	3
転任	null	1
転勤	null	1
転回	null	1
転居	null	1
転換	null	1
転校	null	1
転落	null	1
転覆	49	0
転送	10	0
軸	42	1
軽い	10	5
軽快	null	1
軽減	null	1
軽率	null	1
軽蔑	59	1
載る	24	2
輝き	50	0
輝く	48	3
輝度	48	0
輪	13	3
輪ゴム	15	0
輪郭	55	0
輸入	26	3
輸出	24	3
輸血	24	2
輸送	24	2
轢く	null	3
辛い	44	5
辛うじて	null	1
辛勝	44	0
辛口	46	0
辛子	46	0
辛抱	44	1
辞める	16	3
辞儀	41	0
辞典	16	4
辞書	16	5
辞書形	18	0
辞職	23	1
辞退	null	1
辟易	null	1
辱める	48	0
農地	null	1
農場	10	1
農家	null	3
農村	null	2
農業	10	3
農民	10	3
農産物	null	2
農耕	51	1
農薬	null	2
辺	7	5
辺り	7	3
辻褄	null	1
込む	21	4
込める	34	1
辿る	null	1
迅速	48	1
迎え	34	3
迎える	32	4
迎賓館	57	0
近々	null	2
近い	5	5
近く	7	5
近づく	8	1
近づける	null	2
近代	null	3
近代的	14	0
近寄る	null	2
近年	5	0
近所	10	4
近日	5	0
近眼	null	1
近視	24	1
近距離	45	0
近道	10	0
近郊	51	1
近隣	40	0
近頃	45	3
返す	9	5
返り咲き	48	0
返る	11	2
返事	9	4
返信	15	0
返済	null	1
返答	null	1
返還	38	1
迚も	null	5
迫る	27	2
迫害	27	1
述べる	24	3
述語	null	2
迷い	29	0
迷う	27	0
迷わす	31	0
迷信	27	2
迷子	27	3
迷彩	48	0
迷惑	27	3
迷惑メール	29	0
迷路	27	0
追いかける	13	2
追いつく	13	3
追い出す	null	1
追い越す	34	2
追い込む	null	1
追う	11	3
追加	null	2
追及	null	1
追悼	55	0
追放	null	1
追跡	null	1
追随	53	0
退く	27	2
退ける	null	2
退化	null	1
退学	null	1
退屈	27	3
退治	null	1
退職	null	1
退院	27	4
送り仮名	null	2
送る	9	4
送別	null	2
送料	null	2
送金	null	1
逃がす	42	2
逃げる	38	4
逃げ出す	null	1
逃す	40	1
逃れる	42	1
逃亡	38	1
逃亡者	40	0
逆	28	3
逆さま	30	2
逆らう	28	3
逆効果	28	0
逆立ち	null	1
逆襲	43	0
逆説	28	0
逆転	null	1
透き通る	42	2
透ける	40	0
透明	40	2
途上	null	1
途中	27	4
途切れる	null	1
途端	null	3
途絶える	null	1
這う	null	2
通	null	1
通う	11	4
通じる	null	3
通す	9	3
通ずる	null	2
通り	9	3
通りかかる	null	2
通り過ぎる	null	3
通る	7	4
通信	null	3
通信網	42	0
通勤	34	2
通学	null	3
通帳	null	2
通常	null	1
通用	null	2
通知	null	2
通行	null	3
通訳	32	2
通貨	31	2
通販	24	0
通路	null	2
通過	null	3
逝去	60	0
逞しい	null	1
速力	null	2
速度	10	3
速達	null	2
造り	null	1
造園	26	0
造船	null	2
連なる	null	1
連ねる	null	1
連れ	null	3
連れる	19	0
連中	19	1
連休	null	1
連合	null	2
連峰	50	0
連帯	null	1
連想	null	3
連日	19	1
連盟	36	1
連絡	19	4
連続	19	3
連覇	52	0
連邦	39	1
連鎖	52	0
逮捕	25	3
週	null	3
週末	7	0
週間	null	3
進み	null	1
進む	10	4
進める	null	3
進出	null	1
進化	10	1
進呈	54	1
進学	null	3
進展	null	1
進度	null	1
進撃	28	0
進歩	null	3
進行	10	1
進路	null	1
逸らす	54	1
逸れる	56	2
逸品	54	0
逸脱	54	0
逸話	54	0
遂げる	50	1
遂に	null	3
遂行	48	0
遅い	37	5
遅くとも	null	1
遅らす	null	1
遅れ	null	1
遅れる	35	4
遅刻	35	3
遅咲き	48	0
遅延	35	0
遅滞	35	0
遊び	32	4
遊ぶ	30	5
遊園地	30	2
遊戯	58	0
遊牧	null	1
運	12	3
運がいい	10	0
運ぶ	10	4
運動	12	3
運動会	14	0
運命	11	1
運営	null	1
運搬	50	1
運河	26	2
運用	null	1
運賃	null	1
運転	10	3
運転手	12	4
運輸	null	1
運送	null	1
遍歴	57	0
過ぎ	24	1
過ぎる	22	4
過ごす	26	3
過ち	null	1
過剰	53	2
過労	null	1
過半数	null	2
過去	22	3
過去形	24	0
過多	null	1
過失	null	2
過密	null	1
過敏	40	0
過疎	54	1
過程	28	2
過酷	54	0
道	8	5
道に迷う	29	0
道具	9	4
道場	null	1
道徳	31	3
道路	10	3
道順	null	2
達	18	0
達する	null	3
達人	18	0
達成	null	1
達者	null	1
違い	24	3
違いない	null	3
違う	24	5
違える	null	1
違反	26	3
遠い	16	5
遠く	18	4
遠ざかる	null	1
遠回り	null	1
遠征	49	0
遠慮	38	4
遠方	null	1
遠視	24	0
遠足	16	2
遠距離	45	0
遡る	null	2
遣っ付ける	null	2
遣り通す	null	1
遣る	null	1
遥か	56	1
適する	null	3
適切	null	3
適宜	null	1
適度	null	3
適当	30	4
適応	null	1
適性	null	1
適用	null	3
遭遇	52	0
遭難	52	1
遮る	57	1
遮断	57	0
遮断機	59	0
遷都	59	0
選ぶ	13	4
選手	13	3
選択	38	3
選挙	21	1
選考	null	1
遺伝	36	0
遺伝子	38	0
遺体	36	0
遺失	36	0
遺憾	55	0
遺産	36	0
遺跡	37	1
避ける	38	3
避妊	38	0
避難	38	1
還元	38	1
還暦	null	1
邦人	39	0
邦訳	39	0
邪	50	0
邪魔	50	3
邸内	51	0
邸宅	51	1
郊外	51	4
郡	51	2
部	9	1
部下	null	1
部分	9	3
部室	9	0
部屋	9	5
部長	null	4
部門	null	1
部首	9	2
郵便	26	3
郵便局	28	5
郵便番号	28	0
郵便箱	28	0
郵送	null	2
郷愁	null	1
郷里	41	1
都	null	4
都会	12	3
都合	12	4
都市	12	3
都庁	24	0
都心	null	2
酌む	58	2
配る	10	2
配偶者	50	1
配列	null	1
配布	null	1
配慮	38	1
配給	null	1
配置	null	1
配達	18	3
酒	null	3
酒好き	13	0
酒造	26	0
酒飲み	12	0
酔う	35	3
酔っ払い	37	2
酢	35	2
酢の物	35	0
酪農	59	1
酵母	57	0
酵素	57	0
酷	54	0
酷い	54	4
酷似	54	0
酷使	54	0
酷暑	54	0
酷評	54	0
酸	null	1
酸っぱい	32	2
酸化	null	1
酸性	null	2
酸素	32	3
醜い	60	2
醜悪	60	0
醜態	60	0
醜聞	60	0
醤油	35	5
醸す	57	0
醸成	57	0
醸造	57	0
釈明	51	0
里	5	0
里心	5	0
重	null	1
重い	9	5
重たい	null	2
重なる	null	2
重ねる	null	2
重んじる	null	1
重んずる	null	1
重力	null	2
重大	null	3
重宝	null	1
重役	null	2
重複	null	1
重要	9	3
重視	null	3
重量	null	2
重鎮	55	0
野	null	3
野党	null	1
野心	null	1
野暮	33	0
野獣	26	0
野球	12	0
野生	null	1
野菜	31	5
野蛮	60	0
野郎	27	0
量	24	3
金	5	3
金属	25	3
金庫	28	3
金持ち	11	0
金星	6	0
金曜	null	3
金曜日	18	5
金槌	null	1
金玉	5	0
金縛り	58	0
金蔵	null	1
金融	null	3
金銭	null	3
金額	null	3
金髪	44	0
金魚	7	2
釘	null	2
釜	null	2
針	null	3
針路	null	2
針金	28	2
釣り	44	3
釣り合う	null	2
釣る	44	4
鈍い	46	2
鈍る	null	1
鈍器	46	0
鈍感	46	1
鈴	39	2
鉄	null	3
鉄人	10	0
鉄棒	null	1
鉄橋	null	2
鉄片	null	1
鉄砲	null	2
鉄道	null	3
鉄鉱	41	0
鉄鋼	null	1
鉛	26	1
鉛毒	26	0
鉛筆	26	5
鉛管	26	0
鉢	48	2
鉢巻	48	0
鉱山	41	1
鉱業	41	1
鉱物	41	2
鉱石	41	0
銀	13	3
銀座	18	0
銀杏	54	0
銀色	13	0
銀行	13	5
銃	39	3
銃弾	39	0
銃殺	39	0
銅	null	2
銅像	35	0
銅山	35	0
銅貨	null	3
銘々	50	2
銘柄	50	0
銭	32	0
銭湯	32	0
鋏	null	3
鋭い	40	3
鋭利	40	0
鋭敏	40	0
鋳造	59	0
鋸	null	2
鋼	39	0
鋼材	39	0
錆	null	2
錆びる	null	2
錠	58	0
錠剤	58	0
錦	53	0
錦鯉	53	0
錬金術	46	0
錯乱	56	0
錯覚	56	1
錯誤	56	1
録音	28	2
鍋	35	3
鍛える	46	1
鍛錬	46	0
鍵	46	5
鍼医	26	0
鎌	54	0
鎖	52	3
鎖国	52	0
鎮圧	55	0
鎮痛剤	55	0
鏡	13	4
鐘	45	2
鑑定	31	0
鑑賞	null	2
長	null	1
長々	null	1
長い	6	5
長さ	8	0
長唄	60	0
長大	null	1
長女	null	2
長官	null	1
長寿	35	0
長崎	23	0
長崎県	25	0
長引く	null	2
長所	null	2
長方形	null	2
長期	null	3
長男	null	2
長短	null	2
長編	null	1
長閑	null	1
長靴	27	0
門	16	5
門扉	47	0
閉じる	35	3
閉まる	29	5
閉める	33	5
閉会	null	2
閉店	33	0
閉鎖	52	1
開く	12	5
開ける	10	5
開会	null	2
開催	null	1
開始	10	3
開封	43	0
開拓	49	1
開放	11	2
開業	10	0
開発	10	1
開通	null	2
開閉	33	0
閑散	59	0
閑静	59	0
間	8	4
間々	null	1
間に合う	14	4
間もなく	8	2
間伐	57	0
間抜け	27	0
間接	26	2
間柄	null	1
間誤付く	null	1
間違い	26	3
間違う	null	1
間違える	28	4
間隔	49	2
関する	null	3
関わる	16	2
関与	null	1
関係	16	4
関心	16	3
関東	null	2
関税	null	1
関西	16	2
関西弁	18	0
関連	19	3
閣僚	29	0
閣議	29	0
閲覧	57	1
闇	48	1
闘志	37	0
阪神	16	0
防ぐ	20	3
防止	20	2
防水	20	0
防火	20	1
防犯	22	2
防腐剤	40	0
防衛	null	1
阻む	46	1
阻害	46	0
阻止	46	1
阿呆	54	0
阿弗利加	null	4
降りる	36	5
降り出す	null	4
降る	34	5
降伏	55	1
降参	34	0
降水	null	1
降車	34	0
限る	25	3
限定	25	1
限定販売	27	0
限度	25	2
限界	25	3
陛下	49	0
陣	37	0
陣営	37	0
除いて	33	0
除く	31	3
除外	31	1
陥る	52	0
陥没	52	0
陥落	52	0
陪審	58	0
陰	45	3
陰気	45	1
陰謀	49	0
陳列	52	1
陳列室	54	0
陳情	52	0
陳腐	52	0
陳述	52	0
陶器	49	1
陶芸	49	0
陸	null	3
陸軍	31	0
険しい	null	2
陽気	12	3
隅	51	4
隅々	51	0
隆盛	39	0
隆起	39	0
隊	28	0
階	12	1
階層	null	1
階段	27	5
階級	null	1
随分	53	3
随所	53	0
随時	53	0
随筆	53	2
隔たる	null	1
隔てる	49	2
隔月	49	0
隔週	49	1
隔離	49	0
隙	48	0
隙間	48	2
際	21	3
障る	26	1
障子	26	2
障害	26	3
隠す	25	3
隠れる	27	3
隠匿	60	0
隠居	25	1
隣	40	5
隣人	40	0
隣国	40	0
隣家	40	0
隻	51	0
隼	52	0
雄	null	1
雄犬	31	0
雅楽	40	0
雅致	40	1
集まり	12	3
集まる	12	4
集める	10	4
集中	10	3
集会	null	2
集合	null	2
集団	19	3
集金	10	2
雇う	39	3
雇用	39	1
雇用者	41	0
雌	59	1
雌花	59	0
雑	null	1
雑巾	47	2
雑木	null	1
雑煮	49	0
雑誌	33	5
雑談	null	1
雑貨	null	1
雑費	32	0
雑音	32	2
雛	null	1
離す	33	3
離れる	31	3
離婚	31	3
難	null	1
難い	null	1
難しい	20	5
雨	5	5
雨具	null	1
雨天	null	1
雨戸	null	2
雪	7	5
雪崩	null	1
雰囲気	14	3
雲	8	4
零	46	5
零す	46	2
零れる	null	2
零下	46	0
零時	46	0
零点	46	2
雷	44	3
雷雨	44	0
電力	8	2
電卓	45	0
電報	null	4
電子	8	3
電子機器	20	0
電柱	40	2
電気	8	5
電池	8	2
電波	11	2
電流	null	2
電源	34	1
電灯	48	4
電球	null	2
電磁場	36	0
電線	null	1
電話	8	5
電話帳	48	0
電車	8	5
電鉄	10	0
電飾	30	0
需要	38	3
震える	22	3
震わせる	null	1
震度	20	0
震源地	34	0
震災	20	0
霊園	45	0
霊感	45	0
霜	48	3
霞む	null	1
霧	47	3
霰	null	1
露	43	1
露出	43	0
露呈	54	0
露店	43	0
露見	54	0
露骨	43	1
青	null	5
青い	5	5
青少年	null	2
青年	5	3
青春	null	1
青白い	null	2
青空	7	0
青葉	10	0
青銅	35	0
靖国神社	56	0
静々	20	0
静か	18	5
静まる	57	2
静める	55	0
静寂	56	0
静止	18	1
静的	null	1
静粛	54	0
非	null	1
非凡	56	0
非常	17	3
非常に	19	4
非常口	19	0
非行	null	1
非難	20	1
面	null	3
面する	null	1
面会	null	1
面倒	20	3
面倒くさい	22	2
面接	26	2
面白い	16	5
面皰	null	1
面目	null	1
面積	29	2
革	23	3
革ジャン	25	0
革命	23	1
革命家	25	0
革新	null	1
靴	27	5
靴下	27	5
靴屋	27	0
鞄	null	5
鞠	null	1
韓国	29	0
音	5	4
音楽	8	5
音痴	54	0
音色	null	1
音訓	20	0
音読み	12	0
響き	null	2
響く	25	2
頁	null	5
頂	53	1
頂きます	null	3
頂く	51	3
頂上	null	3
頂戴	53	3
頂点	null	2
頃	45	3
項目	39	2
順	null	3
順々	null	2
順位	19	0
順序	32	2
順番	19	3
順調	null	3
預かる	null	2
預ける	30	3
預金	30	1
頑丈	15	1
頑固	14	1
頑張る	25	0
頑張れ	27	0
領事	null	2
領収	null	2
領収書	23	0
領土	22	1
領地	null	1
領域	22	1
領海	null	1
頬	null	3
頬っぺた	null	1
頭	10	5
頭痛	27	3
頭脳	null	2
頷く	53	0
頻りに	40	3
頻度	40	0
頻発	40	0
頻繁	40	1
頼み	38	1
頼む	36	5
頼もしい	null	2
頼る	38	3
題	null	3
題名	null	2
額	24	3
顎	null	1
顔	10	0
顔つき	10	1
顔文字	12	0
顔面	16	0
顕在	54	0
顕彰	54	0
顕微鏡	null	2
顕著	54	0
願い	null	3
願い事	17	0
願う	null	3
願書	null	1
願望	14	0
類い	null	1
類推	null	1
顧みる	40	1
顧問	40	0
風	7	5
風俗	null	1
風呂	null	5
風呂場	54	0
風呂屋	54	0
風呂敷	null	2
風土	null	1
風景	null	3
風潮	43	0
風習	null	1
風船	7	2
風車	null	1
風邪	50	5
颯と	52	1
飛ばす	22	3
飛び出す	null	3
飛び込み自殺	34	0
飛び込む	null	2
飛ぶ	20	5
飛行	null	3
飛行場	null	4
飛行機	20	5
飛躍	39	0
食い違う	null	1
食う	null	3
食べる	6	5
食べ放題	15	0
食べ物	11	5
食中毒	15	0
食事	9	3
食卓	45	3
食品	null	3
食器	13	2
食堂	17	5
食塩	null	2
食料	null	3
食料品	16	4
食欲	32	3
食物	null	3
食糧	52	3
飢え	50	0
飢える	48	2
飢餓	48	0
飢饉	null	2
飯	15	3
飲み会	13	0
飲み放題	15	0
飲み物	12	5
飲み込む	null	1
飲む	10	5
飴	null	5
飼い主	34	0
飼う	32	3
飼育	null	1
飽き	58	0
飽きる	56	3
飽くまで	null	2
飽くまでも	58	0
飽和	56	1
飽食	56	0
飾り	32	2
飾り気	32	0
飾る	30	4
餅	null	2
養う	13	1
養分	null	2
養子	13	0
養成	null	1
養護	null	1
養鶏	58	0
餌	null	3
餓死	48	0
館	null	1
饂飩	null	2
首	6	4
首になる	6	0
首位	11	0
首班	48	0
首相	null	3
首脳	null	1
首輪	null	1
首都	null	3
首飾り	null	1
香り	37	3
香川県	37	0
香水	37	2
香港	37	0
香辛料	44	1
馬	8	3
馬力	8	0
馬鹿	36	3
馬鹿らしい	38	2
馬鹿馬鹿しい	38	1
馴れ馴れしい	null	1
駄作	null	1
駄目	50	3
駅	13	5
駅前	13	0
駅員	13	0
駅弁	18	0
駅長	13	0
駆けっこ	null	1
駆ける	40	1
駆け出す	42	0
駆け回る	42	0
駆け足	null	1
駆け込む	42	0
駐在	40	0
駐屯	59	0
駐日	40	0
駐留軍	40	0
駐車	null	3
駐車場	40	4
駒	49	0
騎兵	48	0
騎士	48	0
騎手	48	0
騎馬	48	0
騒々しい	null	2
騒がしい	null	2
騒ぎ	null	3
騒ぐ	30	4
騒動	null	1
騒音	30	3
騙す	null	2
驚かす	33	2
驚き	null	1
驚く	31	4
驚嘆	31	0
驚異	null	1
骨	14	3
骨折	14	3
骨格	14	0
骨董品	null	1
骨髄	55	0
高	null	1
高い	7	5
高さ	9	0
高まる	null	1
高める	null	2
高価	null	3
高値	24	0
高原	null	1
高尚	54	1
高層	null	2
高度	null	2
高校	7	4
高校生	9	4
高瀬	41	0
高炉	43	0
高等	18	2
高等学校	20	4
高級	11	2
高血圧	22	0
高速	null	3
高騰	53	0
高齢者	38	0
髪	44	4
髪の毛	44	3
髪形	44	0
髭	null	4
鬱気	50	0
鬱陶しい	50	1
鬼	23	3
魂	45	1
魂胆	59	0
魅力	30	3
魔	46	0
魔女	46	0
魔法	46	0
魔法使い	48	0
魔術	46	0
魚	7	5
魚屋	9	0
魚雷	44	0
鮮やか	25	1
鮮魚	25	0
鯉	53	0
鯨	54	0
鯨肉	54	0
鰐	50	0
鱝	null	1
鳥	7	5
鳥居	null	1
鳥肉	null	5
鳥肌	45	0
鳩	46	0
鳴き声	12	0
鳴く	10	5
鳴らす	null	2
鳴る	12	4
鶏	58	0
鶏卵	58	0
鶏肉	58	0
鶴	49	0
鹿	36	0
鹿児島県	36	0
麓	null	2
麦	5	0
麦畑	41	0
麦酒	null	0
麻	48	1
麻布	50	0
麻痺	null	1
麻酔	48	1
黄色	7	5
黄色い	null	5
黄金	null	1
黒	null	5
黒い	7	5
黒い霧	47	0
黒人	7	0
黒字	null	1
黒幕	34	0
黒板	29	3
黒潮	45	0
黒煙	18	0
黙る	46	3
黙殺	46	0
鼓	57	0
鼓動	57	0
鼓膜	57	0
鼓舞	57	0
鼠	null	3
鼻	17	5
鼻づまり	31	0
鼻の穴	20	0
鼻先	17	0
鼻歌	17	0
鼻血	17	0
鼾	null	1
齎す	null	1
齧る	null	2
１万	3	0
１割	23	0
１月	2	0
１等	18	0
１０万	3	0
１０代	3	0
１０分	null	1
１０月	2	0
１００	4	5
１００万	4	0
１０００	2	0
１０００円	2	0
２月	2	0
２００	4	0
３００	6	0
４月	2	0
４０	4	0
４００	4	0
４０００	4	0
５月	2	0
５０	2	0
５００	4	0
６月	2	0
ＦＡＸ	null	4
Ｇパン	null	1
ＬＡＭＰ	null	1
ＯＫ	null	1
ＯＵＴ	null	3
ＰＥＴ	null	5
Ｙシャツ	null	5
ｘ	null	2
